Hansard volume,Rā,Num paragraphs,Te Reo length,Ambiguous length,Other length,is Māori (%)
Vol 483.txt,"WEDNESDAY, 16 SEPTEMBER 1987",33,7,224,3467,0.20149683362118595
Vol 483.txt,"THURSDAY, 17 SEPTEMBER 1987",97,47,148,3352,1.3827596351868197
Vol 483.txt,"TUESDAY, 22 SEPTEMBER 1987",108,41,487,8533,0.4781898763704222
Vol 483.txt,"WEDNESDAY, 23 SEPTEMBER 1987",586,201,2247,42436,0.47142153528625375
Vol 483.txt,"THURSDAY, 24 SEPTEMBER 1987",568,430,2518,44276,0.9618395741063839
Vol 483.txt,"TUESDAY, 29 SEPTEMBER 1987",639,207,2871,50250,0.41025031214697666
Vol 483.txt,"WEDNESDAY, 30 SEPTEMBER 1987",632,230,2516,46587,0.49127453702714824
Vol 483.txt,"THURSDAY, 1 OCTOBER 1987",602,273,2536,47392,0.5727472988566034
Vol 483.txt,"TUESDAY, 6 OCTOBER 1987",604,261,2599,46691,0.5558868631794173
Vol 483.txt,"WEDNESDAY, 7 OCTOBER 1987",615,237,2335,43800,0.5381837999863751
Vol 483.txt,"THURSDAY, 8 OCTOBER 1987",277,113,579,15189,0.7384655600575089
Vol 483.txt,"TUESDAY, 13 OCTOBER 1987",606,192,2452,45728,0.4181184668989547
Vol 483.txt,"WEDNESDAY, 14 OCTOBER 1987",626,217,2236,41409,0.521308797386249
Vol 483.txt,"THURSDAY, 15 OCTOBER 1987",323,51,747,18521,0.2746069351712255
Vol 484.txt,"TUESDAY, 20 OCTOBER 1987",588,93,1880,38620,0.24022938031152327
Vol 484.txt,"THURSDAY, 22 OCTOBER 1987",256,56,569,13868,0.40218328066647513
Vol 484.txt,"TUESDAY, 10 NOVEMBER 1987",325,55,1046,20976,0.26151871047501307
Vol 484.txt,"WEDNESDAY, 11 NOVEMBER 1987",642,184,2306,44849,0.40858925676725955
Vol 484.txt,"THURSDAY, 12 NOVEMBER 1987",377,65,1110,22645,0.2862175253192426
Vol 484.txt,"TUESDAY, 17 NOVEMBER 1987",311,45,801,21085,0.2129673450070989
Vol 484.txt,"WEDNESDAY, 18 NOVEMBER 1987",408,95,1367,25663,0.36881745477133315
Vol 484.txt,"THURSDAY, 19 NOVEMBER 1987",396,99,1164,25489,0.38690010942629355
Vol 484.txt,"TUESDAY, 24 NOVEMBER 1987",352,83,967,22470,0.36802199263956015
Vol 484.txt,"WEDNESDAY, 25 NOVEMBER 1987",617,95,1966,39743,0.238465786435062
Vol 484.txt,"THURSDAY, 26 NOVEMBER 1987",313,43,798,18416,0.23294869711251964
Vol 485.txt,"TUESDAY, 1 DECEMBER 1987",381,350,1182,23688,1.4560279557367501
Vol 485.txt,"WEDNESDAY, 2 DECEMBER 1987",604,109,2369,43475,0.25009177679882527
Vol 485.txt,"THURSDAY, 3 DECEMBER 1987",575,111,2009,39136,0.2828241649043239
Vol 485.txt,"TUESDAY, 8 DECEMBER 1987",3521,1210,11608,225702,0.5332463686362995
Vol 486.txt,"TUESDAY, 16 FEBRUARY 1988",560,52,2317,44243,0.11739473981261993
Vol 486.txt,"WEDNESDAY, 17 FEBRUARY 1988",582,108,2535,45873,0.2348796241926013
Vol 486.txt,"THURSDAY, 18 FEBRUARY 1988",333,27,965,19495,0.13830550148550352
Vol 486.txt,"TUESDAY, 23 FEBRUARY 1988",390,53,1345,26113,0.2025529312848735
Vol 486.txt,"WEDNESDAY, 24 FEBRUARY 1988",567,103,1947,39254,0.2617069390451508
Vol 486.txt,"THURSDAY, 25 FEBRUARY 1988",702,163,2425,46228,0.35136125541592117
Vol 486.txt,"TUESDAY, 1 MARCH 1988",471,61,1101,24250,0.2509152235613508
Vol 486.txt,"WEDNESDAY, 2 MARCH 1988",669,110,2341,46564,0.23567725071774434
Vol 486.txt,"THURSDAY, 3 MARCH 1988",540,103,1910,42168,0.243665870218353
Vol 487.txt,"TUESDAY, 15 MARCH 1988",587,63,1876,43210,0.14558731772698913
Vol 487.txt,"WEDNESDAY, 16 MARCH 1988",1516,199,5352,106500,0.1865059653792444
Vol 487.txt,"TUESDAY, 22 MARCH 1988",2754,408,5768,127767,0.318314803978935
Vol 487.txt,"TUESDAY, 29 MARCH 1988",2345,421,6053,127883,0.3281269484973189
Vol 488.txt,"TUESDAY, 19 APRIL 1988",614,153,2194,43987,0.34662437698232895
Vol 488.txt,"WEDNESDAY, 20 APRIL 1988",624,120,2618,46686,0.25637738751442124
Vol 488.txt,"THURSDAY, 21 APRIL 1988",512,133,1665,35312,0.3752292283820003
Vol 488.txt,"TUESDAY, 26 APRIL 1988",362,86,1276,25306,0.33868935097668557
Vol 488.txt,"WEDNESDAY, 27 APRIL 1988",590,144,1906,40719,0.3523970339916306
Vol 488.txt,"THURSDAY, 28 APRIL 1988",617,102,1798,36763,0.27668520276685205
Vol 488.txt,"TUESDAY, 3 MAY 1988",533,31,1100,22474,0.1377471672961564
Vol 488.txt,"WEDNESDAY, 4 MAY 1988",671,141,2354,44803,0.3137237451050196
Vol 488.txt,"THURSDAY, 5 MAY 1988",734,310,2678,49341,0.6243580189724276
Vol 489.txt,"TUESDAY, 7 JUNE 1988",690,82,2576,46659,0.17543484307139343
Vol 489.txt,"WEDNESDAY, 8 JUNE 1988",638,152,2538,47021,0.3222182180484599
Vol 489.txt,"THURSDAY, 9 JUNE 1988",637,106,2174,44897,0.23553985289869564
Vol 489.txt,"TUESDAY, 14 JUNE 1988",649,187,2505,45399,0.41021366208923793
Vol 489.txt,"WEDNESDAY, 15 JUNE 1988",659,725,2581,43655,1.633618747183416
Vol 489.txt,"THURSDAY, 16 JUNE 1988",391,71,1280,24020,0.29471586899672075
Vol 489.txt,"TUESDAY, 21 JUNE 1988",593,212,1630,32235,0.6533731932073843
Vol 489.txt,"WEDNESDAY, 22 JUNE 1988",572,101,1941,40297,0.2500123768503391
Vol 489.txt,"THURSDAY, 23 JUNE 1988",593,102,1529,30705,0.33109358262732497
Vol 489.txt,"TUESDAY, 28 JUNE 1988",1564,258,5184,99479,0.2586803292659695
Vol 489.txt,"THURSDAY, 30 JUNE 1988",327,79,945,20868,0.37714231154819305
Vol 490.txt,"TUESDAY, 12 JULY 1988",315,39,342,8286,0.46846846846846846
Vol 490.txt,"WEDNESDAY, 13 JULY 1988",679,162,2945,47212,0.3419597247435302
Vol 490.txt,"THURSDAY, 14 JULY 1988",539,66,1693,35157,0.18737756579507708
Vol 490.txt,"TUESDAY, 19 JULY 1988",570,169,2260,41971,0.40104413858566684
Vol 490.txt,"WEDNESDAY, 20 JULY 1988",612,130,2223,41971,0.30878126410299045
Vol 490.txt,"THURSDAY, 21 JULY 1988",681,64,2462,45859,0.13936371752716503
Vol 490.txt,"TUESDAY, 26 JULY 1988",1379,627,4627,81820,0.7604885562846435
Vol 490.txt,"THURSDAY, 28 JULY 1988",1816,224,5446,98492,0.2269135702419061
Vol 491.txt,"TUESDAY, 9 AUGUST 1988",605,150,2443,42886,0.34854540384794125
Vol 491.txt,"WEDNESDAY, 10 AUGUST 1988",622,270,2479,44407,0.6043378024486873
Vol 491.txt,"THURSDAY, 11 AUGUST 1988",673,110,2598,47416,0.2314522577115684
Vol 491.txt,"TUESDAY, 16 AUGUST 1988",1811,461,7823,129497,0.35472998968897645
Vol 491.txt,"THURSDAY, 18 AUGUST 1988",739,149,2724,45441,0.32682605834612855
Vol 491.txt,"TUESDAY, 23 AUGUST 1988",425,71,1327,29539,0.2397838568051334
Vol 491.txt,"WEDNESDAY, 24 AUGUST 1988",677,94,2441,44252,0.21196951247012133
Vol 491.txt,"THURSDAY, 25 AUGUST 1988",371,54,1142,24530,0.21965506020175724
Vol 492.txt,"TUESDAY, 6 SEPTEMBER 1988",108,327,1061,10578,2.998624484181568
Vol 492.txt,"WEDNESDAY, 7 SEPTEMBER 1988",363,73,1322,25963,0.28038101090797357
Vol 492.txt,"THURSDAY, 8 SEPTEMBER 1988",280,67,652,16699,0.3996182750805201
Vol 492.txt,"TUESDAY, 13 SEPTEMBER 1988",413,91,1305,24840,0.36500742048052626
Vol 492.txt,"WEDNESDAY, 14 SEPTEMBER 1988",606,205,2549,46111,0.44261162449261593
Vol 492.txt,"THURSDAY, 15 SEPTEMBER 1988",389,97,1150,23656,0.40836946911969013
Vol 492.txt,"TUESDAY, 20 SEPTEMBER 1988",360,56,1162,24372,0.2292451285410185
Vol 492.txt,"WEDNESDAY, 21 SEPTEMBER 1988",872,163,2682,53986,0.30102125616354874
Vol 492.txt,"THURSDAY, 22 SEPTEMBER 1988",408,141,1142,26437,0.530513958913387
Vol 492.txt,"TUESDAY, 4 OCTOBER 1988",409,78,1225,27708,0.28071690779529257
Vol 492.txt,"WEDNESDAY, 5 OCTOBER 1988",640,251,2416,46639,0.5352953721475795
Vol 492.txt,"THURSDAY, 6 OCTOBER 1988",404,66,1101,24724,0.2662363856393707
Vol 493.txt,"TUESDAY, 11 OCTOBER 1988",588,154,2211,42871,0.357931435212086
Vol 493.txt,"WEDNESDAY, 12 OCTOBER 1988",374,90,1148,23836,0.37615982613056925
Vol 493.txt,"THURSDAY, 13 OCTOBER 1988",391,140,1147,24817,0.5609648595584406
Vol 493.txt,"TUESDAY, 18 OCTOBER 1988",756,632,2926,52313,1.1936915667201813
Vol 493.txt,"WEDNESDAY, 19 OCTOBER 1988",616,194,2393,46715,0.4135666929587073
Vol 493.txt,"THURSDAY, 20 OCTOBER 1988",329,99,902,18358,0.5363818605407162
Vol 493.txt,"TUESDAY, 8 NOVEMBER 1988",546,70,1983,38151,0.18314539127704665
Vol 493.txt,"WEDNESDAY, 9 NOVEMBER 1988",688,205,2348,45430,0.44921661005806945
Vol 493.txt,"THURSDAY, 10 NOVEMBER 1988",616,181,2377,45307,0.3979071403447063
Vol 494.txt,"TUESDAY, 15 NOVEMBER 1988",610,179,2375,45413,0.39261273907703104
Vol 494.txt,"WEDNESDAY, 16 NOVEMBER 1988",647,258,2914,46466,0.5521787518191935
Vol 494.txt,"THURSDAY, 17 NOVEMBER 1988",676,97,2368,45888,0.21093834946178103
Vol 494.txt,"TUESDAY, 22 NOVEMBER 1988",516,116,1737,36779,0.31440574603604826
Vol 494.txt,"WEDNESDAY, 23 NOVEMBER 1988",507,84,1743,32767,0.25569997869166844
Vol 494.txt,"THURSDAY, 24 NOVEMBER 1988",640,92,2368,45030,0.20389167146846326
Vol 495.txt,"TUESDAY, 6 DECEMBER 1988",1479,731,5172,102671,0.706949575443415
Vol 495.txt,"THURSDAY, 8 DECEMER 1988",2024,224,5779,112444,0.19881421521638798
Vol 495.txt,"TUESDAY, 13 DECEMBER 1988",2315,805,7496,143745,0.5569007263922519
Vol 496.txt,"TUESDAY, 21 FEBRUARY 1989",339,27,1097,21201,0.12719050310910118
Vol 496.txt,"WEDNESDAY, 22 FEBRUARY 1989",644,121,2592,47288,0.2552258010082474
Vol 496.txt,"THURSDAY, 23 FEBRUARY 1989",671,100,2406,45130,0.22109219544550077
Vol 496.txt,"TUESDAY, 28 FEBRUARY 1989",432,30,972,21295,0.1406799531066823
Vol 496.txt,"WEDNESDAY, 1 MARCH 1989",431,57,1367,25820,0.22027282915330215
Vol 496.txt,"THURSDAY, 2 MARCH 1989",647,77,2299,44464,0.17287443030017288
Vol 496.txt,"TUESDAY, 7 MARCH 1989",1169,308,3761,72575,0.4225951182031475
Vol 496.txt,"THURSDAY, 9 MARCH 1989",593,88,1879,37803,0.23224512417196697
Vol 496.txt,"TUESDAY, 14 MARCH 1989",1201,124,4175,82380,0.15029574323669156
Vol 496.txt,"THURSDAY, 16 MARCH 1989",490,143,1851,31916,0.4460525905361989
Vol 496.txt,"TUESDAY, 21 MARCH 1989",1458,203,5355,100682,0.20121920999157455
Vol 497.txt,"TUESDAY, 11 APRIL 1989",572,146,2091,37830,0.3844533389509164
Vol 497.txt,"WEDNESDAY, 12 APRIL 1989",562,141,2175,38013,0.36955496147192957
Vol 497.txt,"THURSDAY, 13 APRIL 1989",738,859,2679,45035,1.871704362225999
Vol 497.txt,"THURSDAY, 20 APRIL 1989",553,174,1555,31492,0.5494852523211015
Vol 497.txt,"WEDNESDAY, 26 APRIL 1989",666,92,2227,46402,0.1978749946229621
Vol 497.txt,"THURSDAY, 27 APRIL 1989",520,116,1717,33969,0.3403256564471175
Vol 497.txt,"TUESDAY, 2 MAY 1989",644,165,2521,46893,0.3506311360448808
Vol 497.txt,"WEDNESDAY, 3 MAY 1989",602,95,2525,45033,0.21051232051054777
Vol 497.txt,"THURSDAY, 4 MAY 1989",568,88,1920,37080,0.23676280671545416
Vol 498.txt,"TUESDAY, 16 MAY 1989",885,138,2341,49693,0.27693604382813913
Vol 498.txt,"WEDNESDAY, 17 MAY 1989",674,167,2518,47046,0.35371613750450087
Vol 498.txt,"THURSDAY, 18 MAY 1989",739,193,2671,48456,0.3967193570268659
Vol 498.txt,"TUESDAY, 23 MAY 1989",2750,519,8692,168550,0.3069752586222193
Vol 498.txt,"TUESDAY, 30 MAY 1989",1368,176,6274,95845,0.1832932379375345
Vol 498.txt,"THURSDAY, 1 JUNE 1989",329,60,747,15250,0.3919007184846506
Vol 499.txt,"TUESDAY, 11 JULY 1989",1346,217,5267,103620,0.2089813842849851
Vol 499.txt,"THURSDAY, 13 JULY 1989",517,66,1856,32789,0.20088266626084308
Vol 499.txt,"TUESDAY, 18 JULY 1989",532,59,1809,36220,0.1626285178753549
Vol 499.txt,"WEDNESDAY, 19 JULY 1989",569,130,1653,33411,0.3875853433111714
Vol 499.txt,"THURSDAY, 20 JULY 1989",421,46,525,12371,0.37045985342675364
Vol 499.txt,"TUESDAY, 25 JULY 1989",471,66,829,18742,0.3509145044661846
Vol 499.txt,"WEDNESDAY, 26 JULY 1989",702,211,2797,46370,0.45297438869925505
Vol 499.txt,"THURSDAY, 27 JULY 1989",2067,266,6191,124096,0.21389170325340537
Vol 500.txt,"TUESDAY, 8 AUGUST 1989",582,86,2274,39113,0.2193933518712212
Vol 500.txt,"WEDNESDAY, 9 AUGUST 1989",671,153,2635,46605,0.3272167329654818
Vol 500.txt,"THURSDAY, 10 AUGUST 1989",634,181,2444,46035,0.39163925913103687
Vol 500.txt,"TUESDAY, 15 AUGUST 1989",643,117,2639,45419,0.256939564300773
Vol 500.txt,"WEDNESDAY, 16 AUGUST 1989",614,167,2467,42202,0.39415610469919043
Vol 500.txt,"THURSDAY, 17 AUGUST 1989",703,142,2574,45386,0.31189597610261816
Vol 500.txt,"TUESDAY, 22 AUGUST 1989",737,119,2896,47126,0.25187850566197484
Vol 500.txt,"WEDNESDAY, 23 AUGUST 1989",653,147,2499,43180,0.33928035635977566
Vol 500.txt,"THURSDAY, 24 AUGUST 1989",634,325,2252,39948,0.8069922777046656
Vol 501.txt,"TUESDAY, 5 SEPTEMBER 1989",658,141,1522,32275,0.4349703849950642
Vol 501.txt,"WEDNESDAY, 6 SEPTEMBER 1989",680,346,2587,48505,0.7082761867720211
Vol 501.txt,"THURSDAY, 7 SEPTEMBER 1989",747,406,2470,48486,0.8304017017098911
Vol 501.txt,"TUESDAY, 12 SEPTEMBER 1989",966,219,3131,60373,0.36143385265381567
Vol 501.txt,"WEDNESDAY, 13 SEPTEMBER 1989",464,81,1415,27692,0.29165016382817843
Vol 501.txt,"THURSDAY, 14 SEPTEMBER 1989",648,93,1990,36811,0.2520052026880555
Vol 501.txt,"TUESDAY, 19 SEPTEMBER 1989",805,246,2466,50900,0.48097602940601414
Vol 501.txt,"WEDNESDAY, 20 SEPTEMBER 1989",688,125,2379,43823,0.2844270501501775
Vol 501.txt,"THURSDAY, 21 SEPTEMBER 1989",720,85,1909,39916,0.21249468763280918
Vol 502.txt,"TUESDAY, 3 OCTOBER 1989",675,113,2179,45492,0.24777984870080036
Vol 502.txt,"WEDNESDAY, 4 OCTOBER 1989",390,70,1145,21512,0.32434436104160874
Vol 502.txt,"THURSDAY, 5 OCTOBER 1989",642,137,2043,42306,0.32278585396885234
Vol 502.txt,"TUESDAY, 10 OCTOBER 1989",561,65,1530,30366,0.21359797574841444
Vol 502.txt,"WEDNESDAY, 11 OCTOBER 1989",624,111,2191,43058,0.2571289582802474
Vol 502.txt,"THURSDAY, 12 OCTOBER 1989",707,133,2466,45945,0.28864100004340465
Vol 502.txt,"TUESDAY, 17 OCTOBER 1989",619,105,1947,38529,0.2717813325050474
Vol 502.txt,"WEDNESDAY, 18 OCTOBER 1989",480,149,1092,22752,0.6506266101916947
Vol 502.txt,"THURSDAY, 19 OCTOBER 1989",537,106,1637,32549,0.324605726534987
Vol 502.txt,"TUESDAY, 7 NOVEMBER 1989",672,116,2225,42187,0.2742122308110536
Vol 502.txt,"WEDNESDAY, 8 NOVEMBER 1989",584,100,1839,35773,0.2787611852925599
Vol 502.txt,"THURSDAY, 9 NOVEMBER 1989",375,65,1078,21424,0.3024803387779794
Vol 502.txt,"TUESDAY, 14 NOVEMBER 1989",284,54,712,17259,0.31190434933287126
Vol 502.txt,"WEDNESDAY, 15 NOVEMBER 1989",615,176,2149,42488,0.4125257828614288
Vol 502.txt,"THURSDAY, 16 NOVEMBER 1989",286,76,638,15763,0.47982827198686784
Vol 503.txt,"TUESDAY, 21 NOVEMBER 1989",377,53,1083,22936,0.23054504328156944
Vol 503.txt,"WEDNESDAY, 22 NOVEMBER 1989",647,164,2201,39759,0.41079077223655536
Vol 503.txt,"THURSDAY, 23 NOVEMBER 1989",433,127,1458,27059,0.4671522106966821
Vol 503.txt,"TUESDAY, 28 NOVEMBER 1989",569,146,1864,38178,0.38096232126082874
Vol 503.txt,"WEDNESDAY, 29 NOVEMBER 1989",569,67,1943,38728,0.1727026678695708
Vol 503.txt,"THURSDAY, 30 NOVEMBER 1989",701,112,2669,45459,0.24577033639814794
Vol 503.txt,"TUESDAY, 5 DECEMBER 1989",3611,1107,12994,249736,0.44131189628572454
Vol 503.txt,"TUESDAY, 5 DECEMBER 1989",878,85,3109,59518,0.14261027129506904
Vol 504.txt,"TUESDAY, 12 DECEMBER 1989",772,378,2358,49493,0.7579555252551583
Vol 504.txt,"TUESDAY, 12 DECEMBER 1989",1082,444,4028,75949,0.5812050842354666
Vol 504.txt,"TUESDAY, 12 DECEMBER 1989",664,164,2152,43361,0.3767949454336588
Vol 504.txt,"TUESDAY, 12 DECEMBER 1989",849,216,2927,57127,0.3766806759325463
Vol 504.txt,"TUESDAY, 12 DECEMBER 1989",842,184,3053,60353,0.30394634686224953
Vol 505.txt,"WEDNESDAY, 14 FEBRUARY 1990",74,26,165,3807,0.6783198539003391
Vol 505.txt,"TUESDAY, 20 FEBRUARY 1990",111,94,450,8559,1.0863284410031202
Vol 505.txt,"WEDNESDAY, 21 FEBRUARY 1990",609,155,2536,42798,0.3608595441529113
Vol 505.txt,"THURSDAY, 22 FEBRUARY 1990",599,195,2629,46175,0.42053051541945224
Vol 505.txt,"TUESDAY, 27 FEBRUARY 1990",614,435,2540,47375,0.9098514955030328
Vol 505.txt,"WEDNESDAY, 28 FEBRUARY 1990",653,270,2417,42199,0.6357578469000918
Vol 505.txt,"THURSDAY, 1 MARCH 1990",661,166,2624,47575,0.347709515929704
Vol 505.txt,"TUESDAY, 6 MARCH 1990",671,112,2446,44534,0.2508623392913139
Vol 505.txt,"WEDNESDAY, 7 MARCH 1990",523,71,1402,28384,0.24951678088209453
Vol 505.txt,"THURSDAY, 8 MARCH 1990",1493,327,6086,108121,0.30152699911478315
Vol 505.txt,"TUESDAY, 13 MARCH 1990",356,57,942,22469,0.2530409304803338
Vol 505.txt,"WEDNESDAY, 14 MARCH 1990",571,151,2162,38493,0.3907462995549115
Vol 505.txt,"THURSDAY, 15 MARCH 1990",285,75,674,16619,0.44926320833832517
Vol 506.txt,"TUESDAY, 20 MARCH 1990",2569,373,8330,161742,0.2300835826419517
Vol 506.txt,"TUESDAY, 27 MARCH 1990",394,32,859,19444,0.1643047853768741
Vol 506.txt,"WEDNESDAY, 28 MARCH 1990",381,69,1138,24629,0.2793748481658434
Vol 506.txt,"THURSDAY, 29 MARCH 1990",1979,225,6044,125069,0.17957763340622854
Vol 506.txt,"TUESDAY, 3 APRIL 1990",478,112,1771,31939,0.34944307509906086
Vol 506.txt,"WEDNESDAY, 4 APRIL 1990",713,157,2649,45576,0.34329696280585137
Vol 506.txt,"THURSDAY, 5 APRIL 1990",381,73,1028,19280,0.37720250090425256
Vol 506.txt,"TUESDAY, 10 APRIL 1990",603,122,2021,38471,0.3161195035369108
Vol 506.txt,"WEDNESDAY, 11 APRIL 1990",720,121,2367,46453,0.25980160604629193
Vol 507.txt,"TUESDAY, 15 MAY 1990",341,97,1066,22203,0.4349775784753363
Vol 507.txt,"WEDNESDAY, 16 MAY 1990",731,125,2542,45453,0.2742551230856992
Vol 507.txt,"THURSDAY, 17 MAY 1990",436,59,1400,27333,0.21539135514018692
Vol 507.txt,"TUESDAY, 22 MAY 1990",390,196,954,24217,0.802850940072912
Vol 507.txt,"WEDNESDAY, 23 MAY 1990",441,65,1285,24958,0.2597610198617272
Vol 507.txt,"THURSDAY, 24 MAY 1990",469,77,1253,27358,0.28066338618552944
Vol 507.txt,"TUESDAY, 29 MAY 1990",377,83,1053,27826,0.2973951055215164
Vol 507.txt,"WEDNESDAY, 30 MAY 1990",652,133,2711,46649,0.28429737933393184
Vol 507.txt,"THURSDAY, 31 MAY 1990",333,62,759,20350,0.30374289633548895
Vol 507.txt,"TUESDAY, 12 JUNE 1990",582,84,1784,38548,0.21743632221992132
Vol 507.txt,"WEDNESDAY, 13 JUNE 1990",557,67,1568,34081,0.1962047557690055
Vol 507.txt,"THURSDAY, 14 JUNE 1990",478,80,1460,30834,0.2587824286730931
Vol 508.txt,"TUESDAY, 19 JUNE 1990",594,149,1794,35323,0.4200496165990077
Vol 508.txt,"WEDNESDAY, 20 JUNE 1990",611,175,2545,43883,0.39720368605020656
Vol 508.txt,"THURSDAY, 21 JUNE 1990",1252,132,4220,81797,0.16111511186515154
Vol 508.txt,"TUESDAY, 26 JUNE 1990",1522,310,4921,99913,0.30931023816888337
Vol 508.txt,"THURSDAY, 28 JUNE 1990",656,142,2230,42675,0.33164397318821964
Vol 508.txt,"THURSDAY, 28 JUNE 1990",843,112,2990,56049,0.19942664838589055
Vol 508.txt,"THURSDAY, 28 JUNE 1990",500,126,1622,32759,0.38315341341036946
Vol 509.txt,"TUESDAY, 10 JULY 1990",237,30,263,7529,0.3968778939013097
Vol 509.txt,"WEDNESDAY, 11 JULY 1990",407,58,1134,21509,0.2689293828534335
Vol 509.txt,"THURSDAY, 12 JULY 1990",507,123,1364,26697,0.45861297539149887
Vol 509.txt,"TUESDAY, 17 JULY 1990",537,63,1540,32480,0.19359001935900194
Vol 509.txt,"WEDNESDAY, 18 JULY 1990",650,143,2166,42485,0.3354602608614056
Vol 509.txt,"THURSDAY, 19 JULY 1990",593,64,1974,36858,0.1733383890363469
Vol 509.txt,"TUESDAY, 24 JULY 1990",845,122,2848,55696,0.21856748719051203
Vol 509.txt,"TUESDAY, 24 JULY 1990",228,24,829,17680,0.13556258472661545
Vol 509.txt,"TUESDAY, 24 JULY 1990",793,98,2963,57801,0.16926026356241042
Vol 509.txt,"TUESDAY, 24 JULY 1990",453,47,1184,23998,0.19546683302141818
Vol 509.txt,"TUESDAY, 7 AUGUST 1990",732,111,2412,45815,0.24169315855942167
Vol 509.txt,"WEDNESDAY, 8 AUGUST 1990",677,194,2708,46978,0.4112609174934283
Vol 509.txt,"THURSDAY, 9 AUGUST 1990",719,223,2528,45629,0.4863473785222019
Vol 510.txt,"TUESDAY, 14 AUGUST 1990",714,160,2254,45242,0.3524073829346725
Vol 510.txt,"WEDNESDAY, 15 AUGUST 1990",670,143,2300,40833,0.3489847715736041
Vol 510.txt,"THURSDAY, 16 AUGUST 1990",678,98,1973,38641,0.2529750380753246
Vol 510.txt,"TUESDAY, 21 AUGUST 1990",626,143,1840,34889,0.408198218771409
Vol 510.txt,"TUESDAY, 21 AUGUST 1990",756,70,2731,48018,0.14556646148727334
Vol 510.txt,"TUESDAY, 21 AUGUST 1990",645,129,2262,44558,0.2886745585964598
Vol 510.txt,"TUESDAY, 21 AUGUST 1990",514,129,1595,30253,0.42459350931472584
Vol 510.txt,"TUESDAY, 28 AUGUST 1990",788,654,2763,54281,1.1904978611085828
Vol 510.txt,"TUESDAY, 28 AUGUST 1990",526,153,1414,28919,0.5262795817281233
Vol 510.txt,"TUESDAY, 28 AUGUST 1990",337,55,744,18609,0.2946849549935705
Vol 510.txt,"TUESDAY, 28 AUGUST 1990",733,365,2307,43903,0.8245233577301888
Vol 510.txt,"TUESDAY, 28 AUGUST 1990",199,39,827,16390,0.23738511169273846
Vol 510.txt,"TUESDAY, 4 SEPTEMBER 1990",859,458,3096,55610,0.8168652350716986
Vol 510.txt,"TUESDAY, 4 SEPTEMBER 1990",1016,143,3987,77096,0.18513963153329277
Vol 510.txt,"THURSDAY, 6 SEPTEMBER 1990",810,136,4242,55488,0.24449877750611246
Vol 511.txt,"WEDNESDAY, 28 NOVEMBER 1990",22,9,118,2091,0.42857142857142855
Vol 511.txt,"THURSDAY, 29 NOVEMBER 1990",88,24,300,6049,0.39519183270212416
Vol 511.txt,"TUESDAY, 4 DECEMBER 1990",68,15,374,6585,0.22727272727272727
Vol 511.txt,"WEDNESDAY, 5 DECEMBER 1990",634,79,2410,44295,0.17803218100689594
Vol 511.txt,"THURSDAY, 6 DECEMBER 1990",650,168,2752,45438,0.368372582554927
Vol 511.txt,"TUESDAY, 11 DECEMBER 1990",682,422,2672,50943,0.8215711087316266
Vol 511.txt,"WEDNESDAY, 12 DECEMBER 1990",670,86,2606,45367,0.18920643301872264
Vol 511.txt,"THURSDAY, 13 DECEMBER 1990",659,215,2355,43354,0.4934701278431913
Vol 511.txt,"TUESDAY, 18 DECEMBER 1990",648,167,2360,45897,0.36253907606807917
Vol 511.txt,"WEDNESDAY, 19 DECEMBER 1990",848,32,2807,54353,0.05883975360853176
Vol 511.txt,"WEDNESDAY, 19 DECEMBER 1990",808,81,2571,49839,0.1622596153846154
Vol 511.txt,"WEDNESDAY, 19 DECEMBER 1990",309,426,1364,23066,1.8133832794142686
Vol 512.txt,"TUESDAY, 22 JANUARY 1991",414,30,2214,40099,0.07475890253931072
Vol 512.txt,"TUESDAY, 19 FEBRUARY 1991",621,84,2614,43040,0.19478712549856228
Vol 512.txt,"WEDNESDAY, 20 FEBRUARY 1991",598,92,2129,37851,0.24246896660780645
Vol 512.txt,"THURSDAY, 21 FEBRUARY 1991",666,322,2575,45162,0.7079412540673643
Vol 512.txt,"TUESDAY, 26 FEBRUARY 1991",787,101,3037,51776,0.19469128901054417
Vol 512.txt,"TUESDAY, 26 FEBRUARY 1991",1018,138,2153,48054,0.2863545816733068
Vol 512.txt,"TUESDAY, 5 MARCH 1991",691,168,2740,47162,0.35495457426579335
Vol 512.txt,"WEDNESDAY, 6 MARCH 1991",865,387,3864,59400,0.6472979075718802
Vol 512.txt,"WEDNESDAY, 6 MARCH 1991",865,348,4360,65616,0.5275604875386575
Vol 513.txt,"TUESDAY, 12 MARCH 1991",701,78,2678,47294,0.16465422612513722
Vol 513.txt,"WEDNESDAY, 13 MARCH 1991",707,103,2756,48347,0.21259029927760578
Vol 513.txt,"THURSDAY, 14 MARCH 1991",663,78,2341,42664,0.18249029058069346
Vol 513.txt,"TUESDAY, 19 MARCH 1991",271,58,625,16002,0.36114570361145704
Vol 513.txt,"WEDNESDAY, 20 MARCH 1991",679,195,2875,46561,0.4170587732055779
Vol 513.txt,"THURSDAY, 21 MARCH 1991",375,34,1030,22025,0.15413210027653113
Vol 513.txt,"TUESDAY, 26 MARCH 1991",585,50,1776,35643,0.1400834897598969
Vol 513.txt,"WEDNESDAY, 27 MARCH 1991",728,69,2437,44705,0.1541072944119355
Vol 513.txt,"TUESDAY, 9 APRIL 1991",293,43,615,16258,0.26378749769952764
Vol 513.txt,"WEDNESDAY, 10 APRIL 1991",684,150,2527,44793,0.33375609104866166
Vol 513.txt,"THURSDAY, 11 APRIL 1991",277,133,656,16424,0.8032856193754907
Vol 514.txt,"TUESDAY, 16 APRIL 1991",475,91,1364,28016,0.32376276372433915
Vol 514.txt,"WEDNESDAY, 17 APRIL 1991",733,102,2727,49956,0.20376363418434615
Vol 514.txt,"THURSDAY, 18 APRIL 1991",497,83,1700,32563,0.25424247993628624
Vol 514.txt,"THURSDAY, 18 APRIL 1991",497,83,1700,32563,0.25424247993628624
Vol 514.txt,"TUESDAY, 23 APRIL 1991",797,207,2682,52592,0.39205287978938996
Vol 514.txt,"WEDNESDAY, 24 APRIL 1991",287,21,689,13955,0.1502575844304522
Vol 514.txt,"TUESDAY, 30 APRIL 1991",655,53,1912,36999,0.1430422109467775
Vol 514.txt,"TUESDAY, 30 APRIL 1991",286,48,116,7380,0.6462035541195477
Vol 514.txt,"TUESDAY, 30 APRIL 1991",341,31,703,16057,0.19269020387866734
Vol 514.txt,"TUESDAY, 30 APRIL 1991",634,585,2721,45129,1.2796954980968631
Vol 514.txt,"TUESDAY, 7 MAY 1991",283,52,687,17663,0.2935365509455264
Vol 514.txt,"WEDNESDAY, 8 MAY 1991",709,92,2944,48748,0.18837018837018837
Vol 514.txt,"THURSDAY, 9 MAY 1991",900,149,3064,53053,0.28006465922333745
Vol 514.txt,"THURSDAY, 9 MAY 1991",20,18,89,1305,1.3605442176870748
Vol 515.txt,"TUESDAY, 28 MAY 1991",301,59,681,17861,0.32924107142857145
Vol 515.txt,"WEDNESDAY, 29 MAY 1991",450,112,1486,27491,0.40575299786255115
Vol 515.txt,"THURSDAY, 30 MAY 1991",368,55,1104,22636,0.242386849411661
Vol 515.txt,"TUESDAY, 4 JUNE 1991",736,64,2542,45203,0.14138334769257957
Vol 515.txt,"TUESDAY, 4 JUNE 1991",221,17,1044,17534,0.09686057774485785
Vol 515.txt,"WEDNESDAY, 5 JUNE 1991",600,110,2510,41725,0.2629377315644795
Vol 515.txt,"THURSDAY, 6 JUNE 1991",505,63,1743,33193,0.18943949963916284
Vol 515.txt,"TUESDAY, 11 JUNE 1991",842,158,3252,57609,0.27351255907351946
Vol 515.txt,"TUESDAY, 11 JUNE 1991",130,21,557,9249,0.22653721682847897
Vol 515.txt,"WEDNESDAY, 12 JUNE 1991",399,62,1275,21304,0.29018066086305344
Vol 515.txt,"THURSDAY, 13 JUNE 1991",641,121,2540,46201,0.2612149734467424
Vol 516.txt,"TUESDAY, 18 JUNE 1991",633,85,2678,46784,0.18135654697134568
Vol 516.txt,"WEDNESDAY, 19 JUNE 1991",704,92,2679,46984,0.19542866853598437
Vol 516.txt,"THURSDAY, 20 JUNE 1991",660,117,1923,35969,0.324225461397772
Vol 516.txt,"TUESDAY, 25 JUNE 1991",843,94,3092,57020,0.16458311447280877
Vol 516.txt,"TUESDAY, 25 JUNE 1991",671,98,2518,42023,0.23266304218798226
Vol 516.txt,"TUESDAY, 25 JUNE 1991",986,153,3921,65277,0.23383768913342504
Vol 516.txt,"TUESDAY, 25 JUNE 1991",235,16,965,19045,0.08394103142542364
Vol 516.txt,"TUESDAY, 2 JULY 1991",320,31,764,15945,0.19404106159238857
Vol 516.txt,"WEDNESDAY, 3 JULY 1991",697,76,2541,41255,0.18388134814062085
Vol 516.txt,"THURSDAY, 4 JULY 1991",661,110,2176,41287,0.2657197381452762
Vol 517.txt,"TUESDAY, 23 JULY 1991",425,45,1290,24063,0.1866600298656048
Vol 517.txt,"WEDNESDAY, 24 JULY 1991",717,191,2770,46201,0.41170891533022935
Vol 517.txt,"THURSDAY, 25 JULY 1991",565,53,2121,38148,0.13873982356482814
Vol 517.txt,"TUESDAY, 30 JULY 1991",2890,306,10212,182472,0.16741620982831631
Vol 517.txt,"TUESDAY, 30 JULY 1991",870,111,3368,59046,0.1876362898727116
Vol 517.txt,"TUESDAY, 30 JULY 1991",401,58,1486,23568,0.24549225429611446
Vol 518.txt,"MONDAY, 5 AUGUST 1991",372,74,368,11756,0.6255283178360102
Vol 518.txt,"MONDAY, 5 AUGUST 1991",708,83,2544,47855,0.17314030622887897
Vol 518.txt,"MONDAY, 5 AUGUST 1991",1046,134,4189,71156,0.1879646514237621
Vol 518.txt,"THURSDAY, 8 AUGUST 1991",611,47,2295,43449,0.10805591318741953
Vol 518.txt,"TUESDAY, 13 AUGUST 1991",720,72,2781,49247,0.14598836148340397
Vol 518.txt,"WEDNESDAY, 14 AUGUST 1991",481,47,1918,30881,0.15196585618210037
Vol 518.txt,"THURSDAY, 15 AUGUST 1991",663,87,2676,47664,0.18219513727461206
Vol 518.txt,"TUESDAY, 20 AUGUST 1991",674,63,2763,47177,0.13336155800169347
Vol 518.txt,"WEDNESDAY, 21 AUGUST 1991",710,93,2593,45032,0.20609418282548475
Vol 518.txt,"THURSDAY, 22 AUGUST 1991",729,74,2454,45125,0.16372043629283833
Vol 518.txt,"THURSDAY, 22 AUGUST 1991",290,20,1322,23664,0.0844451950684006
Vol 519.txt,"TUESDAY, 24 SEPTEMBER 1991",727,173,2874,48850,0.3528955796258899
Vol 519.txt,"WEDNESDAY, 25 SEPTEMBER 1991",683,75,2851,48952,0.15297693107879332
Vol 519.txt,"THURSDAY, 26 SEPTEMBER 1991",588,97,2263,41451,0.23346490805814962
Vol 519.txt,"TUESDAY, 1 OCTOBER 1991",271,39,534,14972,0.2598094730530944
Vol 519.txt,"WEDNESDAY, 2 OCTOBER 1991",645,144,2948,44582,0.32196038098645086
Vol 519.txt,"THURSDAY, 3 OCTOBER 1991",298,43,634,14021,0.305745164960182
Vol 519.txt,"TUESDAY, 8 OCTOBER 1991",248,43,536,15124,0.2835102525219226
Vol 519.txt,"WEDNESDAY, 9 OCTOBER 1991",666,89,2813,48175,0.18440245317420853
Vol 519.txt,"THURSDAY, 10 OCTOBER 1991",263,64,482,13292,0.47918538484576223
Vol 519.txt,"TUESDAY, 15 OCTOBER 1991",408,62,1184,22208,0.2784014369106421
Vol 519.txt,"WEDNESDAY, 16 OCTOBER 1991",692,73,2705,46811,0.1557034382731849
Vol 519.txt,"THURSDAY, 17 OCTOBER 1991",626,318,2348,40834,0.7727449455676516
Vol 520.txt,"TUESDAY, 22 OCTOBER 1991",628,51,2313,42541,0.11974079639368895
Vol 520.txt,"WEDNESDAY, 23 OCTOBER 1991",468,65,1373,24097,0.26901746544160254
Vol 520.txt,"THURSDAY, 24 OCTOBER 1991",674,118,2542,45644,0.2578558629430532
Vol 520.txt,"TUESDAY, 29 OCTOBER 1991",310,24,601,15691,0.15272033089405027
Vol 520.txt,"WEDNESDAY, 30 OCTOBER 1991",660,229,2606,43593,0.5225685728629456
Vol 520.txt,"THURSDAY, 31 OCTOBER 1991",809,74,2669,48204,0.15327892621898173
Vol 520.txt,"TUESDAY, 19 NOVEMBER 1991",760,59,2959,51250,0.11498957297939932
Vol 520.txt,"WEDNESDAY, 20 NOVEMBER 1991",685,110,2523,46186,0.23760152064973217
Vol 520.txt,"THURSDAY, 21 NOVEMBER 1991",545,87,1891,38544,0.22520773472082006
Vol 521.txt,"TUESDAY, 26 NOVEMBER 1991",712,265,2134,43301,0.6082725060827251
Vol 521.txt,"WEDNESDAY, 27 NOVEMBER 1991",722,220,2852,48591,0.45071807584355983
Vol 521.txt,"THURSDAY, 28 NOVEMBER 1991",673,413,2635,43942,0.9311238868222297
Vol 521.txt,"TUESDAY, 3 DECEMBER 1991",830,387,2828,53594,0.7169189159148589
Vol 521.txt,"WEDNESDAY, 4 DECEMBER 1991",606,286,2131,40141,0.7074479926781606
Vol 521.txt,"WEDNESDAY, 4 DECEMBER 1991",447,32,1748,33922,0.09424515520998998
Vol 521.txt,"TUESDAY, 10 DECEMBER 1991",715,157,2634,49111,0.31866525939758056
Vol 521.txt,"TUESDAY, 10 DECEMBER 1991",775,76,2531,50232,0.1510694124194959
Vol 521.txt,"TUESDAY, 10 DECEMBER 1991",611,62,1484,32395,0.19102196752626552
Vol 521.txt,"TUESDAY, 10 DECEMBER 1991",383,295,1731,29086,1.0040502365474286
Vol 521.txt,"TUESDAY, 17 DECEMBER 1991",679,47,1969,40260,0.11660505619371325
Vol 521.txt,"TUESDAY, 17 DECEMBER 1991",1264,145,5480,91199,0.15874058504116306
Vol 521.txt,"TUESDAY, 17 DECEMBER 1991",603,127,2965,44263,0.2861004730795224
Vol 522.txt,"TUESDAY, 3 MARCH 1992",796,70,2167,46074,0.15169902912621358
Vol 522.txt,"WEDNESDAY, 4 MARCH 1992",766,115,2460,43986,0.26076506201673433
Vol 522.txt,"THURSDAY, 5 MARCH 1992",691,65,2239,42003,0.15451174289245984
Vol 522.txt,"TUESDAY, 10 MARCH 1992",764,54,2320,43206,0.12482662968099861
Vol 522.txt,"WEDNESDAY, 11 MARCH 1992",709,96,2353,40922,0.23404359061875274
Vol 522.txt,"THURSDAY, 12 MARCH 1992",761,70,2564,46509,0.15028231606517958
Vol 522.txt,"TUESDAY, 17 MARCH 1992",604,111,2031,35811,0.309002839485552
Vol 522.txt,"WEDNESDAY, 18 MARCH 1992",737,86,2689,44010,0.1950290275761974
Vol 522.txt,"THURSDAY, 19 MARCH 1992",964,60,2877,56156,0.10673117973530667
Vol 522.txt,"THURSDAY, 19 MARCH 1992",391,23,1241,23024,0.09979606890267714
Vol 523.txt,"TUESDAY, 24 MARCH 1992",981,64,2887,52066,0.12276999808171878
Vol 523.txt,"TUESDAY, 24 MARCH 1992",533,81,186,14233,0.565879558474221
Vol 523.txt,"TUESDAY, 24 MARCH 1992",796,75,2074,43393,0.17254071960982792
Vol 523.txt,"TUESDAY, 24 MARCH 1992",245,12,637,13133,0.09128946367440091
Vol 523.txt,"TUESDAY, 31 MARCH 1992",737,104,1975,38026,0.2727511146079203
Vol 523.txt,"WEDNESDAY, 1 APRIL 1992",710,96,2277,39947,0.2397422770521689
Vol 523.txt,"THURSDAY, 2 APRIL 1992",754,103,2167,42332,0.2427241663720985
Vol 523.txt,"TUESDAY, 7 APRIL 1992",784,109,2473,45737,0.2377524756794486
Vol 523.txt,"WEDNESDAY, 8 APRIL 1992",773,174,2865,45360,0.382132033205956
Vol 523.txt,"THURSDAY, 9 APRIL 1992",844,139,2932,46778,0.2962678773152589
Vol 524.txt,"WEDNESDAY, 22 APRIL 1992",861,88,2573,47604,0.1845173194665772
Vol 524.txt,"THURSDAY, 23 APRIL 1992",753,67,2043,43607,0.15340935110134177
Vol 524.txt,"TUESDAY, 28 APRIL 1992",842,78,2362,44736,0.174052751372339
Vol 524.txt,"WEDNESDAY, 29 APRIL 1992",813,96,2496,42784,0.22388059701492538
Vol 524.txt,"THURSDAY, 30 APRIL 1992",898,54,2549,45663,0.11811798674453704
Vol 524.txt,"TUESDAY, 5 MAY 1992",1370,72,3979,75684,0.09504197687311897
Vol 524.txt,"WEDNESDAY, 6 MAY 1992",887,99,2801,48891,0.20208205756276792
Vol 524.txt,"THURSDAY, 7 MAY 1992",724,54,1925,36693,0.14695077149155034
Vol 525.txt,"TUESDAY, 2 JUNE 1992",697,76,1995,38123,0.1989580879080604
Vol 525.txt,"WEDNESDAY, 3 JUNE 1992",936,237,2986,49404,0.4774279325557503
Vol 525.txt,"THURSDAY, 4 JUNE 1992",936,91,2762,50308,0.18055913807813648
Vol 525.txt,"TUESDAY, 9 JUNE 1992",868,73,2843,49209,0.14812710523111886
Vol 525.txt,"WEDNESDAY, 10 JUNE 1992",593,96,2097,32629,0.293353705118411
Vol 525.txt,"THURSDAY, 11 JUNE 1992",902,88,2847,47751,0.1839503334099793
Vol 525.txt,"TUESDAY, 16 JUNE 1992",415,40,1098,22876,0.17455053237912377
Vol 525.txt,"WEDNESDAY, 17 JUNE 1992",774,120,2533,43622,0.2743358785606511
Vol 525.txt,"THURSDAY, 18 JUNE 1992",839,94,2452,45466,0.20632133450395082
Vol 526.txt,"TUESDAY, 23 JUNE 1992",1065,107,3159,58109,0.18379826851724612
Vol 526.txt,"TUESDAY, 23 JUNE 1992",464,113,1486,28369,0.39674180183975843
Vol 526.txt,"WEDNESDAY, 24 JUNE 1992",987,111,2845,50606,0.21886152572115858
Vol 526.txt,"WEDNESDAY, 24 JUNE 1992",213,4,644,11693,0.034196802598957
Vol 526.txt,"THURSDAY, 25 JUNE 1992",1240,83,3630,58886,0.140751920500602
Vol 526.txt,"THURSDAY, 25 JUNE 1992",784,84,1547,32484,0.2579218865143699
Vol 526.txt,"THURSDAY, 25 JUNE 1992",1106,62,2771,44633,0.138717977402394
Vol 526.txt,"TUESDAY, 30 JUNE 1992",1140,176,3522,61499,0.2853668423186056
Vol 526.txt,"TUESDAY, 30 JUNE 1992",1051,101,2982,55446,0.18182800151223288
Vol 526.txt,"THURSDAY, 2 JULY 1992",1413,75,3533,58958,0.1270475835549608
Vol 526.txt,"THURSDAY, 2 JULY 1992",212,13,653,10708,0.12125734539688462
Vol 527.txt,"TUESDAY, 21 JULY 1992",941,106,3130,51972,0.20354084258228042
Vol 527.txt,"WEDNESDAY, 22 JULY 1992",934,115,2993,50667,0.22645819384821395
Vol 527.txt,"THURSDAY, 23 JULY 1992",852,61,2709,48276,0.12619732296170635
Vol 527.txt,"TUESDAY, 28 JULY 1992",841,229,2793,49415,0.4612843445330755
Vol 527.txt,"WEDNESDAY, 29 JULY 1992",907,90,2867,51485,0.17450315075133302
Vol 527.txt,"THURSDAY, 30 JULY 1992",913,191,3015,51512,0.3694176353403091
Vol 528.txt,"TUESDAY, 4 AUGUST 1992",889,71,3202,51442,0.1378292858113486
Vol 528.txt,"WEDNESDAY, 5 AUGUST 1992",269,124,1500,16876,0.7294117647058823
Vol 528.txt,"THURSDAY, 6 AUGUST 1992",555,132,1519,27358,0.4801746089487086
Vol 528.txt,"TUESDAY, 11 AUGUST 1992",1010,119,3099,56200,0.21129636534739607
Vol 528.txt,"TUESDAY, 11 AUGUST 1992",220,36,159,7214,0.496551724137931
Vol 528.txt,"TUESDAY, 11 AUGUST 1992",916,81,2790,51027,0.15848790795961493
Vol 528.txt,"TUESDAY, 18 AUGUST 1992",939,134,2976,49764,0.2685478375886809
Vol 528.txt,"WEDNESDAY, 19 AUGUST 1992",908,95,2958,50182,0.1889531992760109
Vol 528.txt,"THURSDAY, 20 AUGUST 1992",873,125,2677,47894,0.2603136258564318
Vol 529.txt,"TUESDAY, 15 SEPTEMBER 1992",889,64,2643,50834,0.125741679437306
Vol 529.txt,"WEDNESDAY, 16 SEPTEMBER 1992",925,49,3140,52508,0.09323210989972791
Vol 529.txt,"THURSDAY, 17 SEPTEMBER 1992",1067,255,3628,50594,0.5014847882947551
Vol 529.txt,"TUESDAY, 22 SEPTEMBER 1992",676,47,2107,34451,0.1362397820163488
Vol 529.txt,"WEDNESDAY, 23 SEPTEMBER 1992",962,121,3277,50953,0.23691114852958453
Vol 529.txt,"THURSDAY, 24 SEPTEMBER 1992",862,314,3066,49179,0.6344331521629322
Vol 529.txt,"TUESDAY, 29 SEPTEMBER 1992",402,178,958,21173,0.833684604936537
Vol 529.txt,"WEDNESDAY, 30 SEPTEMBER 1992",580,63,1648,31070,0.20235762695532072
Vol 529.txt,"THURSDAY, 1 OCTOBER 1992",794,81,2466,46406,0.17424226127734635
Vol 530.txt,"TUESDAY, 6 OCTOBER 1992",303,82,473,10831,0.7513974159259599
Vol 530.txt,"WEDNESDAY, 7 OCTOBER 1992",917,92,3074,51346,0.1788560986041448
Vol 530.txt,"THURSDAY, 8 OCTOBER 1992",895,74,2674,44771,0.1650128219422455
Vol 530.txt,"TUESDAY, 13 OCTOBER 1992",963,66,3114,52237,0.12618779037531308
Vol 530.txt,"WEDNESDAY, 14 OCTOBER 1992",946,160,3390,52658,0.30292703245105834
Vol 530.txt,"THURSDAY, 15 OCTOBER 1992",1010,145,3157,49576,0.291627280223648
Vol 530.txt,"TUESDAY, 20 OCTOBER 1992",818,36,2248,45335,0.07934583764959996
Vol 530.txt,"TUESDAY, 20 OCTOBER 1992",732,33,2007,40574,0.08126677666412195
Vol 530.txt,"THURSDAY, 22 OCTOBER 1992",936,268,3206,52035,0.5123989063724834
Vol 531.txt,"TUESDAY, 10 NOVEMBER 1992",769,84,2595,46606,0.17991004497751126
Vol 531.txt,"WEDNESDAY, 11 NOVEMBER 1992",912,90,3172,48129,0.18664841659926584
Vol 531.txt,"THURSDAY, 12 NOVEMBER 1992",887,348,2837,48345,0.7146817817756146
Vol 531.txt,"TUESDAY, 17 NOVEMBER 1992",837,95,2521,46178,0.20530330862490004
Vol 531.txt,"WEDNESDAY, 18 NOVEMBER 1992",604,330,1824,34304,0.9528209274123693
Vol 531.txt,"THURSDAY, 19 NOVEMBER 1992",726,47,2542,40549,0.11577495319735935
Vol 531.txt,"TUESDAY, 24 NOVEMBER 1992",642,18,1826,32864,0.05474119579101028
Vol 531.txt,"WEDNESDAY, 25 NOVEMBER 1992",637,77,2373,37241,0.20633474462725762
Vol 531.txt,"THURSDAY, 26 NOVEMBER 1992",1050,125,3240,49606,0.25135227524079545
Vol 532.txt,"TUESDAY, 1 DECEMBER 1992",522,41,1441,27088,0.15112978731247004
Vol 532.txt,"WEDNESDAY, 2 DECEMBER 1992",834,134,2730,45549,0.293325744806602
Vol 532.txt,"THURSDAY, 3 DECEMBER 1992",759,288,1997,33717,0.846934274371416
Vol 532.txt,"TUESDAY, 8 DECEMBER 1992",1231,278,3606,62117,0.4455485215161471
Vol 532.txt,"TUESDAY, 8 DECEMBER 1992",915,309,3244,51512,0.5962833600277879
Vol 532.txt,"TUESDAY, 8 DECEMBER 1992",492,367,1628,25837,1.4005495344222256
Vol 532.txt,"TUESDAY, 8 DECEMBER 1992",265,8,916,16908,0.04729250413809411
Vol 532.txt,"TUESDAY, 15 DECEMBER 1992",1140,39,3452,59670,0.06531678641410843
Vol 532.txt,"TUESDAY, 15 DECEMBER 1992",884,35,3003,49615,0.07049345417925479
Vol 532.txt,"THURSDAY, 17 DECEMBER 1992",959,64,2926,48912,0.1306762495916367
Vol 533.txt,"TUESDAY, 23 FEBRUARY 1993",850,316,2780,50644,0.6200941915227629
Vol 533.txt,"WEDNESDAY, 24 FEBRUARY 1993",941,94,2821,50597,0.18543725710678424
Vol 533.txt,"THURSDAY, 25 FEBRUARY 1993",949,53,3039,51373,0.10306070859098511
Vol 533.txt,"TUESDAY, 2 MARCH 1993",367,25,1027,19240,0.12976901116013495
Vol 533.txt,"WEDNESDAY, 3 MARCH 1993",834,408,2740,46009,0.8789883016998082
Vol 533.txt,"THURSDAY, 4 MARCH 1993",880,160,2873,49795,0.32028825943349015
Vol 533.txt,"TUESDAY, 9 MARCH 1993",941,100,2663,51350,0.19436345966958213
Vol 533.txt,"WEDNESDAY, 10 MARCH 1993",910,185,2971,52054,0.35414154175998774
Vol 533.txt,"THURSDAY, 11 MARCH 1993",823,82,2553,44905,0.1822748794096072
Vol 533.txt,"TUESDAY, 16 MARCH 1993",698,45,1757,34515,0.13020833333333334
Vol 533.txt,"WEDNESDAY, 17 MARCH 1993",874,112,2352,43613,0.25614636935391655
Vol 533.txt,"THURSDAY, 18 MARCH 1993",926,196,3040,49675,0.39301397605823024
Vol 534.txt,"TUESDAY, 23 MARCH 1993",928,204,2608,49030,0.41434780842507213
Vol 534.txt,"WEDNESDAY, 24 MARCH 1993",843,121,2596,43758,0.2757583354224116
Vol 534.txt,"THURSDAY, 25 MARCH 1993",1128,81,3307,57848,0.1398263391392912
Vol 534.txt,"THURSDAY, 25 MARCH 1993",354,46,816,14117,0.32478994563298735
Vol 534.txt,"TUESDAY, 30 MARCH 1993",875,90,2547,43105,0.20835744877879384
Vol 534.txt,"WEDNESDAY, 31 MARCH 1993",926,77,2831,48882,0.15727445413509264
Vol 534.txt,"THURSDAY, 1 APRIL 1993",948,91,2808,51545,0.17623363544813697
Vol 534.txt,"TUESDAY, 20 APRIL 1993",905,76,2765,51090,0.1485361372786616
Vol 534.txt,"WEDNESDAY, 21 APRIL 1993",612,86,2128,31297,0.2740337125195169
Vol 534.txt,"THURSDAY, 22 APRIL 1993",914,60,2829,49085,0.12208769966425882
Vol 534.txt,"TUESDAY, 27 APRIL 1993",590,56,1392,29459,0.18973403354226664
Vol 534.txt,"TUESDAY, 27 APRIL 1993",401,66,199,8869,0.7386681589255736
Vol 534.txt,"TUESDAY, 27 APRIL 1993",825,75,1817,38121,0.19635563933396166
Vol 535.txt,"TUESDAY, 4 MAY 1993",1185,193,3154,58283,0.330049935016075
Vol 535.txt,"TUESDAY, 4 MAY 1993",323,22,956,17004,0.1292141430752966
Vol 535.txt,"WEDNESDAY, 5 MAY 1993",682,147,1925,34440,0.42501517911353975
Vol 535.txt,"THURSDAY, 6 MAY 1993",909,57,2678,47004,0.12111939822783196
Vol 535.txt,"TUESDAY, 1 JUNE 1993",953,155,2989,53735,0.2876229356095751
Vol 535.txt,"WEDNESDAY, 2 JUNE 1993",898,54,2788,49611,0.10872848082150408
Vol 535.txt,"THURSDAY, 3 JUNE 1993",876,61,2470,47526,0.1281862693592788
Vol 535.txt,"TUESDAY, 8 JUNE 1993",781,75,2288,42160,0.17757783828578194
Vol 535.txt,"WEDNESDAY, 9 JUNE 1993",990,144,2975,51108,0.28096464528213533
Vol 535.txt,"THURSDAY, 10 JUNE 1993",804,55,2693,45137,0.12170295627544699
Vol 535.txt,"TUESDAY, 15 JUNE 1993",736,80,1946,37410,0.2133902373966391
Vol 535.txt,"WEDNESDAY, 16 JUNE 1993",203,48,415,9137,0.522591181273816
Vol 535.txt,"QUESTION, 15 JUNE 1993",612,91,2256,39946,0.2272897569747983
Vol 535.txt,"THURSDAY, 17 JUNE 1993",654,57,2067,39519,0.14402668283808367
Vol 536.txt,"TUESDAY, 22 JUNE 1993",962,59,2838,55238,0.10669656581731378
Vol 536.txt,"TUESDAY, 22 JUNE 1993",1438,147,4519,81146,0.1808273775109788
Vol 536.txt,"TUESDAY, 22 JUNE 1993",1437,147,4519,81138,0.18084517438641814
Vol 536.txt,"TUESDAY, 22 JUNE 1993",733,304,2349,46193,0.6538056218680776
Vol 536.txt,"TUESDAY, 22 JUNE 1993",876,127,2675,49351,0.2566797364485226
Vol 536.txt,"TUESDAY, 22 JUNE 1993",654,26,2309,37121,0.06999219317845318
Vol 536.txt,"TUESDAY, 29 JUNE 1993",875,66,2583,47224,0.13956438993444703
Vol 536.txt,"WEDNESDAY, 30 JUNE 1993",506,75,1362,24231,0.3085657862256233
Vol 536.txt,"THURSDAY, 1 JULY 1993",1024,165,1926,38563,0.42604833712042967
Vol 536.txt,"TUESDAY, 20 JULY 1993",877,85,2750,47386,0.17905668724063112
Vol 536.txt,"WEDNESDAY, 21 JULY 1993",925,75,2932,50264,0.14898984882496671
Vol 536.txt,"THURSDAY, 22 JULY 1993",1031,133,3332,59663,0.22242290454210983
Vol 536.txt,"THURSDAY, 22 JULY 1993",815,174,2911,43720,0.3964095320544949
Vol 537.txt,"TUESDAY, 27 JULY 1993",1008,854,3507,56839,1.4802489036798225
Vol 537.txt,"TUESDAY, 27 JULY 1993",966,128,3450,52956,0.2411272699871901
Vol 537.txt,"THURSDAY, 29 JULY 1993",619,164,1878,35709,0.45716834387979816
Vol 537.txt,"TUESDAY, 3 AUGUST 1993",1197,129,4016,64153,0.20067826141065928
Vol 537.txt,"TUESDAY, 3 AUGUST 1993",746,82,3010,43544,0.1879613074771925
Vol 537.txt,"TUESDAY, 3 AUGUST 1993",491,52,1960,32632,0.15909925345734915
Vol 537.txt,"TUESDAY, 10 AUGUST 1993",997,40,2946,50573,0.07903107897180567
Vol 537.txt,"WEDNESDAY, 11 AUGUST 1993",664,56,1870,32335,0.17288753048686364
Vol 537.txt,"THURSDAY, 12 AUGUST 1993",615,146,1691,32453,0.44786649897236114
Vol 537.txt,"TUESDAY, 17 AUGUST 1993",588,25,1735,32239,0.0774857426233573
Vol 537.txt,"WEDNESDAY, 18 AUGUST 1993",957,119,2706,48748,0.2435181206130927
Vol 537.txt,"THURSDAY, 19 AUGUST 1993",1162,166,3130,56966,0.2905552054890429
Vol 537.txt,"THURSDAY, 19 AUGUST 1993",98,7,370,6932,0.10087908920593745
Vol 538.txt,"TUESDAY, 7 SEPTEMBER 1993",864,100,2792,46697,0.2136889116823728
Vol 538.txt,"WEDNESDAY, 8 SEPTEMBER 1993",1006,234,3206,50431,0.46185729793743213
Vol 538.txt,"THURSDAY, 9 SEPTEMBER 1993",810,67,2837,43522,0.15370850443919337
Vol 538.txt,"TUESDAY, 14 SEPTEMBER 1993",477,18,1289,24607,0.07309644670050762
Vol 538.txt,"WEDNESDAY, 15 SEPTEMBER 1993",926,119,2856,47492,0.24994224023860032
Vol 538.txt,"THURSDAY, 16 SEPTEMBER 1993",1031,49,2823,50711,0.09653270291568164
Vol 538.txt,"TUESDAY, 21 SEPTEMBER 1993",1064,122,3210,53343,0.22818666417282335
Vol 538.txt,"TUESDAY, 22 SEPTEMBER 1993",1584,156,5300,86761,0.17948157437555368
Vol 538.txt,"THURSDAY, 23 SEPTEMBER 1993",670,156,2295,34073,0.4557538928978352
Vol 539.txt,"TUESDAY, 21 DECEMBER 1993",92,363,487,5420,6.277018848348608
Vol 539.txt,"WEDNESDAY, 22 DECEMBER 1993",444,61,1572,25918,0.23480503483582893
Vol 539.txt,"THURSDAY, 3 MARCH 1994",0,0,0,0,0
Vol 539.txt,"ANSLATION, 21 DECEMBER 1993",5,1,4,97,1.0204081632653061
Vol 539.txt,"JOURNMENT, 22 DECEMBER 1993",402,92,1577,23559,0.3889898947190394
Vol 539.txt,"TUESDAY, 8 MARCH 1994",10,0,16,277,0
Vol 539.txt,"ANSLATION, 21 DECEMBER 1993",744,193,2662,47453,0.4050707299668388
Vol 539.txt,"WEDNESDAY, 9 MARCH 1994",931,110,3196,52844,0.2077274615704196
Vol 539.txt,"THURSDAY, 10 MARCH 1994",899,541,3442,51128,1.0470494880876346
Vol 539.txt,"TUESDAY, 15 MARCH 1994",894,330,3427,52754,0.6216562429357245
Vol 539.txt,"WEDNESDAY, 16 MARCH 1994",892,284,3095,50962,0.5541895952854857
Vol 539.txt,"THURSDAY, 17 MARCH 1994",880,262,3286,48934,0.5325636230587852
Vol 539.txt,"TUESDAY, 22 MARCH 1994",949,371,3467,52682,0.6993006993006993
Vol 539.txt,"WEDNESDAY, 23 MARCH 1994",939,91,3130,51737,0.17558076715289034
Vol 539.txt,"THURSDAY, 24 MARCH 1994",875,258,3049,47454,0.5407444668008048
Vol 539.txt,"TUESDAY, 29 MARCH 1994",1154,742,3641,62482,1.1736049601417184
Vol 539.txt,"TUESDAY, 29 MARCH 1994",926,87,3287,54992,0.1579549374534759
Vol 540.txt,"TUESDAY, 24 MAY 1994",854,87,3370,51850,0.16751063788821072
Vol 540.txt,"WEDNESDAY, 25 MAY 1994",922,115,3029,51754,0.22171239083074668
Vol 540.txt,"THURSDAY, 26 MAY 1994",868,100,2637,48993,0.2036950278043713
Vol 540.txt,"TUESDAY, 31 MAY 1994",1060,162,3630,59288,0.27249789739276703
Vol 540.txt,"WEDNESDAY, 1 JUNE 1994",952,226,3143,50979,0.44136314813006544
Vol 540.txt,"THURSDAY, 2 JUNE 1994",929,142,2984,51351,0.27576563804789
Vol 540.txt,"TUESDAY, 7 JUNE 1994",975,184,3088,51464,0.3562577447335812
Vol 540.txt,"WEDNESDAY, 8 JUNE 1994",886,165,2968,50023,0.32876384793177654
Vol 540.txt,"THURSDAY, 9 JUNE 1994",467,78,1411,25593,0.3038448054224611
Vol 540.txt,"TUESDAY, 14 JUNE 1994",850,130,2812,48908,0.26510053427953834
Vol 540.txt,"WEDNESDAY, 15 JUNE 1994",977,95,3367,52321,0.18124236874236874
Vol 540.txt,"THURSDAY, 16 JUNE 1994",862,218,2927,49008,0.44285540161703163
Vol 541.txt,"TUESDAY, 21 JUNE 1994",771,49,2545,43205,0.11328432052526934
Vol 541.txt,"WEDNESDAY, 22 JUNE 1994",1010,94,3611,59334,0.15817459783267146
Vol 541.txt,"WEDNESDAY, 22 JUNE 1994",1655,210,5699,96188,0.21784684329550405
Vol 541.txt,"WEDNESDAY, 22 JUNE 1994",443,374,985,23519,1.5653120160716527
Vol 541.txt,"WEDNESDAY, 22 JUNE 1994",357,144,289,19568,0.7305194805194806
Vol 541.txt,"WEDNESDAY, 22 JUNE 1994",1011,94,3612,59334,0.15817459783267146
Vol 541.txt,"WEDNESDAY, 22 JUNE 1994",1654,210,5698,96179,0.21786718401477348
Vol 541.txt,"WEDNESDAY, 22 JUNE 1994",443,374,985,23501,1.5664921465968586
Vol 541.txt,"WEDNESDAY, 22 JUNE 1994",357,144,289,19557,0.7309273640931933
Vol 541.txt,"TUESDAY, 28 JUNE 1994",869,170,2812,47386,0.35747329464210614
Vol 541.txt,"WEDNESDAY, 29 JUNE 1994",997,251,3108,50422,0.4953328202395753
Vol 541.txt,"THURSDAY, 30 JUNE 1994",782,56,1464,30260,0.18472093943792056
Vol 541.txt,"TUESDAY, 5 JULY 1994",860,266,2826,43431,0.608737441929652
Vol 541.txt,"TUESDAY, 5 JULY 1994",472,198,228,24970,0.7867132867132867
Vol 541.txt,"TUESDAY, 5 JULY 1994",81,36,45,4377,0.8157715839564922
Vol 541.txt,"TUESDAY, 12 JULY 1994",238,44,475,11165,0.39254170755642787
Vol 541.txt,"WEDNESDAY, 13 JULY 1994",867,112,3092,49827,0.2242736138088468
Vol 541.txt,"THURSDAY, 14 JULY 1994",968,329,3129,55741,0.5867665418227216
Vol 542.txt,"TUESDAY, 23 AUGUST 1994",794,160,3082,51698,0.3085348451540746
Vol 542.txt,"WEDNESDAY, 24 AUGUST 1994",865,84,3131,52350,0.16020139604073694
Vol 542.txt,"THURSDAY, 25 AUGUST 1994",903,77,3275,53570,0.14353085913471397
Vol 542.txt,"TUESDAY, 30 AUGUST 1994",838,103,3261,50041,0.20540842373962986
Vol 542.txt,"WEDNESDAY, 31 AUGUST 1994",897,127,3180,50503,0.25083942326683784
Vol 542.txt,"THURSDAY, 1 SEPTEMBER 1994",930,262,3427,51895,0.5023295051479187
Vol 542.txt,"TUESDAY, 6 SEPTEMBER 1994",918,344,3042,51320,0.6658408175905853
Vol 542.txt,"WEDNESDAY, 7 SEPTEMBER 1994",843,121,2948,50278,0.2400841286533463
Vol 542.txt,"THURSDAY, 8 SEPTEMBER 1994",329,57,853,14699,0.38628354567633505
Vol 542.txt,"TUESDAY, 13 SEPTEMBER 1994",401,56,1118,21020,0.2657050673752135
Vol 542.txt,"WEDNESDAY, 14 SEPTEMBER 1994",444,82,1312,23304,0.3506371333276319
Vol 542.txt,"THURSDAY, 15 SEPTEMBER 1994",469,50,1520,23313,0.2140136112656765
Vol 543.txt,"TUESDAY, 27 SEPTEMBER 1994",707,99,2712,43510,0.22701735880208213
Vol 543.txt,"WEDNESDAY, 28 SEPTEMBER 1994",463,69,1653,25237,0.27266260965778866
Vol 543.txt,"THURSDAY, 29 SEPTEMBER 1994",683,73,2345,43983,0.1656982022879971
Vol 543.txt,"TUESDAY, 4 OCTOBER 1994",864,150,3309,50262,0.297548202808855
Vol 543.txt,"WEDNESDAY, 5 OCTOBER 1994",897,244,3026,50638,0.4795408985495853
Vol 543.txt,"THURSDAY, 6 OCTOBER 1994",965,98,3652,51190,0.19107783497114333
Vol 543.txt,"TUESDAY, 11 OCTOBER 1994",883,244,3457,50663,0.47930540004321603
Vol 543.txt,"WEDNESDAY, 12 OCTOBER 1994",784,155,2966,47847,0.32290321236615144
Vol 543.txt,"THURSDAY, 13 OCTOBER 1994",551,80,1748,31350,0.2545338848234171
Vol 543.txt,"TUESDAY, 18 OCTOBER 1994",880,151,3392,51482,0.2924486278155443
Vol 543.txt,"WEDNESDAY, 19 OCTOBER 1994",785,175,3159,50214,0.34729802139355814
Vol 543.txt,"THURSDAY, 20 OCTOBER 1994",771,77,2793,43314,0.17745615450208568
Vol 544.txt,"TUESDAY, 8 NOVEMBER 1994",860,74,2854,50765,0.14555754440488602
Vol 544.txt,"WEDNESDAY, 9 NOVEMBER 1994",882,110,3178,49824,0.22029078383466175
Vol 544.txt,"THURSDAY, 10 NOVEMBER 1994",752,205,2749,50051,0.40791149315504616
Vol 544.txt,"TUESDAY, 15 NOVEMBER 1994",691,58,2246,40439,0.14322048546805935
Vol 544.txt,"WEDNESDAY, 16 NOVEMBER 1994",654,170,2329,37927,0.4462293618920125
Vol 544.txt,"THURSDAY, 17 NOVEMBER 1994",635,57,2048,37393,0.15220293724966621
Vol 544.txt,"TUESDAY, 22 NOVEMBER 1994",301,69,711,16654,0.4126053937690606
Vol 544.txt,"WEDNESDAY, 23 NOVEMBER 1994",620,90,2128,37094,0.242039586919105
Vol 544.txt,"THURSDAY, 24 NOVEMBER 1994",433,29,1386,26101,0.11098354381936472
Vol 545.txt,"TUESDAY, 29 NOVEMBER 1994",872,117,2910,53490,0.21825507862779114
Vol 545.txt,"TUESDAY, 29 NOVEMBER 1994",593,131,2413,43478,0.30039670710174504
Vol 545.txt,"TUESDAY, 29 NOVEMBER 1994",1109,138,4358,75041,0.1835618989345429
Vol 545.txt,"TUESDAY, 6 DECEMBER 1994",1352,160,4566,78337,0.20382944571130107
Vol 545.txt,"WEDNESDAY, 7 DECEMBER 1994",637,92,2040,34103,0.2690451820441585
Vol 545.txt,"THURSDAY, 8 DECEMBER 1994",846,339,2964,45935,0.732592816700523
Vol 546.txt,"TUESDAY, 28 FEBRUARY 1995",861,500,3139,52588,0.9418324291742013
Vol 546.txt,"WEDNESDAY, 1 MARCH 1995",741,113,2847,49768,0.2265391632084361
Vol 546.txt,"THURSDAY, 2 MARCH 1995",740,86,2945,49895,0.17206538484624156
Vol 546.txt,"TUESDAY, 7 MARCH 1995",701,48,2580,44066,0.10880899487690983
Vol 546.txt,"WEDNESDAY, 8 MARCH 1995",800,134,3230,51333,0.2603610080245594
Vol 546.txt,"THURSDAY, 9 MARCH 1995",758,98,2998,50446,0.19389047166824944
Vol 546.txt,"TUESDAY, 14 MARCH 1995",885,309,3254,51504,0.5963754270163858
Vol 546.txt,"WEDNESDAY, 15 MARCH 1995",861,184,3131,50737,0.3613440427328607
Vol 546.txt,"THURSDAY, 16 MARCH 1995",696,204,2649,40533,0.5007732528168496
Vol 546.txt,"TUESDAY, 21 MARCH 1995",288,41,768,16199,0.2524630541871921
Vol 546.txt,"WEDNESDAY, 22 MARCH 1995",838,139,3025,50710,0.27335837479596453
Vol 546.txt,"THURSDAY, 23 MARCH 1995",686,177,2259,39283,0.4485554992397364
Vol 547.txt,"TUESDAY, 28 MARCH 1995",391,46,1330,22863,0.2007944475970143
Vol 547.txt,"WEDNESDAY, 29 MARCH 1995",835,157,3185,50779,0.3082299356054657
Vol 547.txt,"THURSDAY, 30 MARCH 1995",764,187,2595,47204,0.3945896900255323
Vol 547.txt,"TUESDAY, 4 APRIL 1995",846,70,2820,49773,0.14044098469193267
Vol 547.txt,"WEDNESDAY, 5 APRIL 1995",862,204,2887,49572,0.4098360655737705
Vol 547.txt,"THURSDAY, 6 APRIL 1995",706,53,2525,45163,0.11721514508138713
Vol 547.txt,"TUESDAY, 30 MAY 1995",833,229,2678,46826,0.4866645414939964
Vol 547.txt,"WEDNESDAY, 31 MAY 1995",860,281,3216,51163,0.5462250213824742
Vol 547.txt,"THURSDAY, 1 JUNE 1995",735,86,1835,36095,0.2376938171968713
Vol 547.txt,"TUESDAY, 6 JUNE 1995",725,154,2536,40766,0.3763440860215054
Vol 547.txt,"WEDNESDAY, 7 JUNE 1995",830,171,3006,51459,0.33120278907611855
Vol 547.txt,"THURSDAY, 8 JUNE 1995",837,75,3023,51927,0.14422522210684205
Vol 548.txt,"TUESDAY, 13 JUNE 1995",848,454,3064,50934,0.8834747411847124
Vol 548.txt,"WEDNESDAY, 14 JUNE 1995",781,221,3035,47981,0.45848719970125723
Vol 548.txt,"THURSDAY, 15 JUNE 1995",848,248,3443,51028,0.48365707153444104
Vol 548.txt,"TUESDAY, 20 JUNE 1995",849,96,3009,48169,0.1989018957836942
Vol 548.txt,"WEDNESDAY, 21 JUNE 1995",815,259,2912,48895,0.5269154087154657
Vol 548.txt,"THURSDAY, 22 JUNE 1995",797,142,3005,50836,0.2785515320334262
Vol 548.txt,"TUESDAY, 27 JUNE 1995",742,188,2835,48257,0.38806894416348436
Vol 548.txt,"WEDNESDAY, 28 JUNE 1995",836,107,3071,50425,0.21174701179450645
Vol 548.txt,"THURSDAY, 29 JUNE 1995",550,58,1932,28699,0.2016900232986751
Vol 548.txt,"TUESDAY, 18 JULY 1995",409,120,1482,25797,0.4630165528417641
Vol 548.txt,"WEDNESDAY, 19 JULY 1995",789,180,3456,50946,0.3520713531275672
Vol 548.txt,"THURSDAY, 20 JULY 1995",538,104,1669,32208,0.3218618469918297
Vol 549.txt,"TUESDAY, 25 JULY 1995",803,102,2973,50348,0.20218037661050545
Vol 549.txt,"WEDNESDAY, 26 JULY 1995",868,91,2868,49725,0.1826722338204593
Vol 549.txt,"THURSDAY, 27 JULY 1995",704,201,2552,43545,0.4594705801673296
Vol 549.txt,"TUESDAY, 1 AUGUST 1995",774,1297,3129,47792,2.6421397869176393
Vol 549.txt,"WEDNESDAY, 2 AUGUST 1995",765,104,3157,51069,0.20323217321634457
Vol 549.txt,"THURSDAY, 3 AUGUST 1995",751,103,3017,49141,0.2091625375680286
Vol 549.txt,"TUESDAY, 8 AUGUST 1995",210,69,386,9817,0.6979567064535707
Vol 549.txt,"WEDNESDAY, 9 AUGUST 1995",666,180,2595,41237,0.4346041480551464
Vol 549.txt,"THURSDAY, 10 AUGUST 1995",760,132,3029,49232,0.26740134510979663
Vol 549.txt,"WEDNESDAY, 16 AUGUST 1995",765,116,3134,46033,0.2513597261045743
Vol 549.txt,"THURSDAY, 17 AUGUST 1995",653,56,2250,38934,0.1436265709156194
Vol 550.txt,"TUESDAY, 12 SEPTEMBER 1995",731,69,2772,47358,0.14548674805490544
Vol 550.txt,"WEDNESDAY, 13 SEPTEMBER 1995",776,154,2668,45764,0.33538046082146433
Vol 550.txt,"THURSDAY, 14 SEPTEMBER 1995",549,97,1844,33165,0.29162407552161623
Vol 550.txt,"TUESDAY, 19 SEPTEMBER 1995",170,43,325,7351,0.5815526102245063
Vol 550.txt,"WEDNESDAY, 20 SEPTEMBER 1995",854,189,3222,49878,0.3774941578285098
Vol 550.txt,"THURSDAY, 21 SEPTEMBER 1995",597,463,2358,39170,1.1682184038553731
Vol 550.txt,"TUESDAY, 26 SEPTEMBER 1995",796,309,3046,48611,0.6316434995911693
Vol 550.txt,"WEDNESDAY, 27 SEPTEMBER 1995",783,155,3250,48957,0.31560514741814627
Vol 550.txt,"THURSDAY, 28 SEPTEMBER 1995",714,127,3352,47264,0.2679833723702813
Vol 550.txt,"TUESDAY, 3 OCTOBER 1995",842,250,3598,51997,0.4784963729974927
Vol 550.txt,"WEDNESDAY, 4 OCTOBER 1995",794,112,3405,50553,0.22105990328629233
Vol 550.txt,"THURSDAY, 5 OCTOBER 1995",747,369,3168,47753,0.7668010473380159
Vol 551.txt,"TUESDAY, 10 OCTOBER 1995",840,114,3153,47334,0.2402630247850278
Vol 551.txt,"WEDNESDAY, 11 OCTOBER 1995",717,71,2798,44785,0.15828428749777065
Vol 551.txt,"THURSDAY, 12 OCTOBER 1995",531,112,2298,37389,0.29865870243460174
Vol 551.txt,"TUESDAY, 17 OCTOBER 1995",803,125,3350,51273,0.24320012451846376
Vol 551.txt,"WEDNESDAY, 18 OCTOBER 1995",714,111,2955,50932,0.2174637070705092
Vol 551.txt,"THURSDAY, 19 OCTOBER 1995",731,1446,2779,43826,3.194027213288567
Vol 551.txt,"TUESDAY, 21 NOVEMBER 1995",309,93,2035,21644,0.4278419285089939
Vol 551.txt,"WEDNESDAY, 22 NOVEMBER 1995",821,69,3143,52459,0.1313585135546756
Vol 551.txt,"THURSDAY, 23 NOVEMBER 1995",768,94,2727,47890,0.19589863287762588
Vol 551.txt,"TUESDAY, 28 NOVEMBER 1995",834,78,3091,47584,0.1636523855482355
Vol 551.txt,"WEDNESDAY, 29 NOVEMBER 1995",514,82,1722,30566,0.267554163403811
Vol 551.txt,"THURSDAY, 30 NOVEMBER 1995",858,100,2825,47167,0.21156409334207799
Vol 552.txt,"TUESDAY, 5 DECEMBER 1995",788,82,2884,48997,0.16707756881762056
Vol 552.txt,"WEDNESDAY, 6 DECEMBER 1995",515,98,1418,26252,0.3719165085388994
Vol 552.txt,"THURSDAY, 7 DECEMBER 1995",631,15,1997,32969,0.04547659471258792
Vol 552.txt,"TUESDAY, 12 DECEMBER 1995",781,55,2931,50974,0.10778184953653805
Vol 552.txt,"WEDNESDAY, 13 DECEMBER 1995",791,484,3212,49605,0.9662800215616203
Vol 552.txt,"THURSDAY, 14 DECEMBER 1995",621,51,2239,38355,0.13279175128886112
Vol 552.txt,"TUESDAY, 19 DECEMBER 1995",979,99,3767,59683,0.16560168612625875
Vol 552.txt,"TUESDAY, 19 DECEMBER 1995",966,141,3933,60557,0.23229760453392204
Vol 553.txt,"TUESDAY, 20 FEBRUARY 1996",510,33,1987,32991,0.09992732558139535
Vol 553.txt,"WEDNESDAY, 21 FEBRUARY 1996",846,273,3591,51663,0.5256469500924215
Vol 553.txt,"THURSDAY, 22 FEBRUARY 1996",838,104,3579,54386,0.19086070838685998
Vol 553.txt,"TUESDAY, 27 FEBRUARY 1996",523,70,1920,31637,0.2207714384836156
Vol 553.txt,"WEDNESDAY, 28 FEBRUARY 1996",816,522,3211,50749,1.0181194047317197
Vol 553.txt,"THURSDAY, 29 FEBRUARY 1996",763,67,3011,48698,0.13739362247513587
Vol 553.txt,"TUESDAY, 5 MARCH 1996",451,39,1846,29109,0.13379991766158914
Vol 553.txt,"WEDNESDAY, 6 MARCH 1996",771,106,3259,49018,0.21578047390277666
Vol 553.txt,"THURSDAY, 7 MARCH 1996",832,132,2922,50503,0.26068924656857906
Vol 553.txt,"TUESDAY, 19 MARCH 1996",538,18,1892,31250,0.0575668414992964
Vol 553.txt,"WEDNESDAY, 20 MARCH 1996",738,818,2922,47520,1.692250403409326
Vol 553.txt,"THURSDAY, 21 MARCH 1996",704,109,2592,39593,0.27454536295400733
Vol 554.txt,"TUESDAY, 26 MARCH 1996",458,46,1504,26202,0.1752514477293508
Vol 554.txt,"WEDNESDAY, 27 MARCH 1996",814,116,3250,50465,0.22933512583776516
Vol 554.txt,"THURSDAY, 28 MARCH 1996",895,106,3100,55129,0.19190730515071966
Vol 554.txt,"TUESDAY, 16 APRIL 1996",489,100,1709,27891,0.35725768997177665
Vol 554.txt,"WEDNESDAY, 17 APRIL 1996",724,1086,3292,45083,2.3522276852433452
Vol 554.txt,"THURSDAY, 18 APRIL 1996",846,175,3090,51914,0.33596344717694715
Vol 554.txt,"TUESDAY, 23 APRIL 1996",481,32,1857,30158,0.10599536270288175
Vol 554.txt,"WEDNESDAY, 24 APRIL 1996",451,56,1610,25945,0.21537633167955078
Vol 554.txt,"TUESDAY, 30 APRIL 1996",543,27,1879,30682,0.08792210752548113
Vol 554.txt,"WEDNESDAY, 1 MAY 1996",835,382,2934,50076,0.7570652820167267
Vol 554.txt,"THURSDAY, 2 MAY 1996",891,36,3691,53548,0.06718423409973126
Vol 555.txt,"TUESDAY, 7 MAY 1996",487,76,1847,29321,0.25852978195053916
Vol 555.txt,"WEDNESDAY, 8 MAY 1996",788,62,2826,48061,0.12883652307628368
Vol 555.txt,"THURSDAY, 9 MAY 1996",755,60,2905,49500,0.12106537530266344
Vol 555.txt,"TUESDAY, 21 MAY 1996",500,38,1806,30273,0.125367028471512
Vol 555.txt,"WEDNESDAY, 22 MAY 1996",881,118,3116,51796,0.22729899449088878
Vol 555.txt,"THURSDAY, 23 MAY 1996",867,264,3542,56294,0.4667774673786202
Vol 555.txt,"TUESDAY, 28 MAY 1996",510,46,1918,31946,0.14378594648662166
Vol 555.txt,"WEDNESDAY, 29 MAY 1996",820,145,3444,52318,0.2763852619941673
Vol 555.txt,"THURSDAY, 30 MAY 1996",881,94,3404,53648,0.17490975400989914
Vol 555.txt,"TUESDAY, 11 JUNE 1996",456,126,1880,30587,0.4102497313841045
Vol 555.txt,"WEDNESDAY, 12 JUNE 1996",845,172,3019,50267,0.3410059676044331
Vol 555.txt,"THURSDAY, 13 JUNE 1996",866,158,3412,55669,0.28301717806795995
Vol 556.txt,"TUESDAY, 18 JUNE 1996",486,140,1505,28470,0.4893393918210416
Vol 556.txt,"WEDNESDAY, 19 JUNE 1996",827,94,3067,51904,0.18077618369937307
Vol 556.txt,"THURSDAY, 20 JUNE 1996",735,106,2985,47282,0.22368532117835738
Vol 556.txt,"TUESDAY, 25 JUNE 1996",503,27,1767,31661,0.08520575612219136
Vol 556.txt,"WEDNESDAY, 26 JUNE 1996",784,129,3318,50130,0.25667044708410436
Vol 556.txt,"THURSDAY, 27 JUNE 1996",908,117,3389,53945,0.2164181865265806
Vol 556.txt,"TUESDAY, 16 JULY 1996",501,72,1657,30433,0.2360268808392067
Vol 556.txt,"WEDNESDAY, 17 JULY 1996",781,129,2816,48481,0.26537749434272784
Vol 556.txt,"THURSDAY, 18 JULY 1996",823,100,2629,50088,0.1992508169283494
Vol 556.txt,"TUESDAY, 23 JULY 1996",499,69,1950,31715,0.2170903599295243
Vol 556.txt,"WEDNESDAY, 24 JULY 1996",847,138,3241,49490,0.27806883211090516
Vol 556.txt,"THURSDAY, 25 JULY 1996",911,658,3929,54492,1.1931097008159566
Vol 557.txt,"TUESDAY, 30 JULY 1996",491,84,1814,28708,0.29174770769658237
Vol 557.txt,"WEDNESDAY, 31 JULY 1996",767,128,2851,47558,0.2684225978274546
Vol 557.txt,"THURSDAY, 1 AUGUST 1996",854,92,3245,52712,0.17422922505870767
Vol 557.txt,"TUESDAY, 20 AUGUST 1996",564,67,1738,30459,0.21948502915547402
Vol 557.txt,"WEDNESDAY, 21 AUGUST 1996",824,254,2995,48204,0.5241652565107928
Vol 557.txt,"THURSDAY, 22 AUGUST 1996",905,81,3385,52217,0.15488163983326322
Vol 557.txt,"TUESDAY, 27 AUGUST 1996",751,1012,3274,39321,2.5091116455507896
Vol 558.txt,"THURSDAY, 12 DECEMBER 1996",48,29,252,3291,0.8734939759036144
Vol 558.txt,"FRIDAY, 13 DECEMBER 1996",812,104,3580,48440,0.21423862887277523
Vol 558.txt,"TUESDAY, 18 FEBRUARY 1997",484,255,2157,30421,0.8312687442952145
Vol 558.txt,"WEDNESDAY, 19 FEBRUARY 1997",782,822,3291,49822,1.6230945422952374
Vol 558.txt,"THURSDAY, 20 FEBRUARY 1997",861,310,3790,53751,0.5734263147185586
Vol 558.txt,"TUESDAY, 25 FEBRUARY 1997",529,761,2401,33130,2.245433891003511
Vol 558.txt,"WEDNESDAY, 26 FEBRUARY 1997",751,670,3600,49961,1.323299954573285
Vol 558.txt,"THURSDAY, 27 FEBRUARY 1997",920,693,3872,52138,1.3117298555772179
Vol 558.txt,"THURSDAY, 27 FEBRUARY 1997",920,693,3872,52138,1.3117298555772179
Vol 558.txt,"TUESDAY, 4 MARCH 1997",542,26,2050,31396,0.08274457386544459
Vol 558.txt,"TUESDAY, 4 MARCH 1997",1537,264,6777,96779,0.27204435147305833
Vol 558.txt,"THURSDAY, 6 MARCH 1997",807,67,3544,53190,0.12580505848996376
Vol 559.txt,"TUESDAY, 11 MARCH 1997",519,32,2279,30976,0.10319917440660474
Vol 559.txt,"WEDNESDAY, 12 MARCH 1997",806,134,3201,50932,0.2624055144323033
Vol 559.txt,"THURSDAY, 13 MARCH 1997",881,32,3946,54949,0.058201924301122206
Vol 559.txt,"TUESDAY, 18 MARCH 1997",531,50,2093,31877,0.1566072603125881
Vol 559.txt,"WEDNESDAY, 19 MARCH 1997",854,75,3099,45871,0.1632351020763505
Vol 559.txt,"THURSDAY, 20 MARCH 1997",892,56,3762,52668,0.10621348911311737
Vol 559.txt,"TUESDAY, 22 APRIL 1997",493,38,2058,30669,0.12375028495131403
Vol 559.txt,"WEDNESDAY, 23 APRIL 1997",699,42,2469,46075,0.09107270637725784
Vol 559.txt,"THURSDAY, 24 APRIL 1997",701,25,2914,47045,0.053112385808370514
Vol 559.txt,"TUESDAY, 29 APRIL 1997",578,120,1865,30519,0.3916576911779105
Vol 559.txt,"TUESDAY, 29 APRIL 1997",1604,134,6401,96067,0.1392916913545597
Vol 559.txt,"THURSDAY, 1 MAY 1997",854,77,3814,54644,0.1407138027448329
Vol 560.txt,"TUESDAY, 6 MAY 1997",501,110,1960,30302,0.3616993292121531
Vol 560.txt,"WEDNESDAY, 7 MAY 1997",831,91,3045,49150,0.18480534513921326
Vol 560.txt,"THURSDAY, 8 MAY 1997",841,299,3660,53010,0.5608809019114971
Vol 560.txt,"TUESDAY, 13 MAY 1997",492,19,1878,32739,0.05800109896819098
Vol 560.txt,"WEDNESDAY, 14 MAY 1997",692,73,2642,42204,0.17267071930364028
Vol 560.txt,"THURSDAY, 15 MAY 1997",903,88,4017,56658,0.1550770098332922
Vol 560.txt,"TUESDAY, 20 MAY 1997",453,62,1832,29237,0.21161131779241613
Vol 560.txt,"WEDNESDAY, 21 MAY 1997",819,80,3088,50401,0.15847546601691725
Vol 560.txt,"THURSDAY, 22 MAY 1997",845,46,3692,53895,0.08527835968929015
Vol 560.txt,"TUESDAY, 10 JUNE 1997",447,20,1877,29797,0.0670758292249388
Vol 560.txt,"WEDNESDAY, 11 JUNE 1997",768,199,3002,47385,0.41820780094149296
Vol 560.txt,"THURSDAY, 12 JUNE 1997",835,238,3337,54168,0.43745175164503913
Vol 561.txt,"TUESDAY, 17 JUNE 1997",494,34,1864,30695,0.11064466790328355
Vol 561.txt,"WEDNESDAY, 18 JUNE 1997",808,60,3418,47559,0.126000126000126
Vol 561.txt,"THURSDAY, 19 JUNE 1997",884,61,3429,56802,0.10727538117932575
Vol 561.txt,"TUESDAY, 24 JUNE 1997",524,34,1963,30564,0.1111183737499183
Vol 561.txt,"TUESDAY, 24 JUNE 1997",1360,55,5580,88362,0.06220523202551546
Vol 561.txt,"THURSDAY, 26 JUNE 1997",642,48,2522,41527,0.11545399879735418
Vol 561.txt,"TUESDAY, 1 JULY 1997",465,60,1809,30007,0.1995543286659793
Vol 561.txt,"WEDNESDAY, 2 JULY 1997",740,75,2928,51330,0.14590020426028597
Vol 561.txt,"THURSDAY, 3 JULY 1997",732,142,2617,46313,0.30567215584974705
Vol 561.txt,"TUESDAY, 8 JULY 1997",469,43,1683,31348,0.136981937498009
Vol 561.txt,"WEDNESDAY, 9 JULY 1997",854,73,3039,51577,0.14133591481122942
Vol 561.txt,"THURSDAY, 10 JULY 1997",753,96,3311,50036,0.19149445463975107
Vol 562.txt,"TUESDAY, 22 JULY 1997",456,294,2199,29643,0.9820623308948793
Vol 562.txt,"WEDNESDAY, 23 JULY 1997",718,216,2975,43258,0.49684869117173486
Vol 562.txt,"THURSDAY, 24 JULY 1997",739,46,3241,49334,0.09315512353179425
Vol 562.txt,"TUESDAY, 29 JULY 1997",497,380,2092,28513,1.3151974526701968
Vol 562.txt,"WEDNESDAY, 30 JULY 1997",734,108,2945,49091,0.21951665684261876
Vol 562.txt,"THURSDAY, 31 JULY 1997",812,45,3100,51771,0.08684576192681798
Vol 562.txt,"TUESDAY, 5 AUGUST 1997",407,292,1577,23928,1.2056151940545003
Vol 562.txt,"WEDNESDAY, 6 AUGUST 1997",777,119,2923,48707,0.24372260680784827
Vol 562.txt,"THURSDAY, 7 AUGUST 1997",749,82,3108,51516,0.15892088840652738
Vol 562.txt,"TUESDAY, 12 AUGUST 1997",452,33,1746,29902,0.11023885084349423
Vol 562.txt,"WEDNESDAY, 13 AUGUST 1997",775,378,3129,49395,0.7594478934362003
Vol 562.txt,"THURSDAY, 14 AUGUST 1997",759,35,3044,50406,0.06938799785888464
Vol 563.txt,"TUESDAY, 2 SEPTEMBER 1997",67,173,279,4106,4.0430007010983875
Vol 563.txt,"WEDNESDAY, 3 SEPTEMBER 1997",800,33,3103,49443,0.06669900557846228
Vol 563.txt,"THURSDAY, 4 SEPTEMBER 1997",792,419,3388,51374,0.8089896318035256
Vol 563.txt,"TUESDAY, 9 SEPTEMBER 1997",456,38,1933,29463,0.12880919290871495
Vol 563.txt,"WEDNESDAY, 10 SEPTEMBER 1997",719,69,2678,45330,0.1519857265578537
Vol 563.txt,"THURSDAY, 11 SEPTEMBER 1997",786,58,3057,53503,0.10828774668135396
Vol 563.txt,"TUESDAY, 16 SEPTEMBER 1997",474,30,1942,30799,0.09731097343410425
Vol 563.txt,"WEDNESDAY, 17 SEPTEMBER 1997",795,493,3027,49113,0.9938313913639479
Vol 563.txt,"THURSDAY, 18 SEPTEMBER 1997",676,1586,3078,46318,3.3107882431529725
Vol 563.txt,"TUESDAY, 23 SEPTEMBER 1997",442,42,1779,30802,0.13616910906497212
Vol 563.txt,"WEDNESDAY, 24 SEPTEMBER 1997",778,165,2856,47169,0.348586639624794
Vol 563.txt,"THURSDAY, 25 SEPTEMBER 1997",592,1824,2618,36060,4.814697497624327
Vol 564.txt,"TUESDAY, 14 OCTOBER 1997",429,139,1847,29922,0.46239313396094606
Vol 564.txt,"WEDNESDAY, 15 OCTOBER 1997",757,319,3260,49787,0.6366503013611144
Vol 564.txt,"THURSDAY, 16 OCTOBER 1997",734,130,3016,49639,0.26120677530189473
Vol 564.txt,"TUESDAY, 21 OCTOBER 1997",497,100,1903,29461,0.33828354927099896
Vol 564.txt,"WEDNESDAY, 22 OCTOBER 1997",822,115,3039,51230,0.22397507060083746
Vol 564.txt,"THURSDAY, 23 OCTOBER 1997",726,170,3320,50532,0.33529249339276557
Vol 564.txt,"TUESDAY, 4 NOVEMBER 1997",482,173,1897,29052,0.5919589392643285
Vol 564.txt,"WEDNESDAY, 5 NOVEMBER 1997",776,161,3025,50213,0.3196093222694247
Vol 564.txt,"THURSDAY, 6 NOVEMBER 1997",802,621,3209,51226,1.1977549327829962
Vol 564.txt,"TUESDAY, 11 NOVEMBER 1997",509,134,1934,30090,0.4433562731604023
Vol 564.txt,"WEDNESDAY, 12 NOVEMBER 1997",771,79,3080,50510,0.15616043013303288
Vol 564.txt,"THURSDAY, 13 NOVEMBER 1997",750,87,2900,47895,0.18131799424784295
Vol 565.txt,"TUESDAY, 18 NOVEMBER 1997",486,40,1817,30237,0.1321134854840308
Vol 565.txt,"WEDNESDAY, 19 NOVEMBER 1997",837,88,2886,49859,0.17618675796344124
Vol 565.txt,"THURSDAY, 20 NOVEMBER 1997",692,70,2939,41355,0.16898008449004223
Vol 565.txt,"TUESDAY, 25 NOVEMBER 1997",463,41,2065,30623,0.13370727889381687
Vol 565.txt,"WEDNESDAY, 26 NOVEMBER 1997",875,91,3331,50247,0.18077794111804205
Vol 565.txt,"THURSDAY, 27 NOVEMBER 1997",732,90,3271,48794,0.1841093200229114
Vol 565.txt,"TUESDAY, 2 DECEMBER 1997",481,26,1973,31229,0.08318669012957927
Vol 565.txt,"TUESDAY, 2 DECEMBER 1997",1586,658,7169,104388,0.626392247205986
Vol 565.txt,"THURSDAY, 4 DECEMBER 1997",1060,764,4443,67295,1.1225554298476321
Vol 565.txt,"TUESDAY, 9 DECEMBER 1997",24,50,92,1131,4.233700254022016
Vol 565.txt,"TUESDAY, 9 DECEMBER 1997",1452,187,6209,99637,0.18732970027247955
Vol 565.txt,"TUESDAY, 9 DECEMBER 1997",1507,151,6010,98364,0.15327615083997362
Vol 565.txt,"TUESDAY, 9 DECEMBER 1997",748,128,3260,48886,0.2611498755457624
Vol 566.txt,"TUESDAY, 17 FEBRUARY 1998",449,112,1877,32525,0.34316879615160706
Vol 566.txt,"WEDNESDAY, 18 FEBRUARY 1998",736,87,2936,50732,0.17119581258977942
Vol 566.txt,"THURSDAY, 19 FEBRUARY 1998",840,156,3661,55582,0.2798808712189171
Vol 566.txt,"TUESDAY, 24 FEBRUARY 1998",485,207,1766,31621,0.6503707427422395
Vol 566.txt,"WEDNESDAY, 25 FEBRUARY 1998",841,509,3026,50769,0.992628417644994
Vol 566.txt,"THURSDAY, 26 FEBRUARY 1998",896,411,3508,55776,0.731485930909285
Vol 566.txt,"TUESDAY, 3 MARCH 1998",492,38,1777,32079,0.11831740199894138
Vol 566.txt,"WEDNESDAY, 4 MARCH 1998",746,99,2971,50609,0.19523546580421236
Vol 566.txt,"THURSDAY, 5 MARCH 1998",843,166,3453,53307,0.3104370429936604
Vol 566.txt,"TUESDAY, 10 MARCH 1998",517,88,1935,31693,0.2768950001573267
Vol 566.txt,"TUESDAY, 10 MARCH 1998",1715,334,6454,100492,0.3312637613314026
Vol 566.txt,"TUESDAY, 10 MARCH 1998",1713,113,6477,102971,0.10961933956773116
Vol 566.txt,"TUESDAY, 10 MARCH 1998",497,26,2121,32369,0.08025929927457941
Vol 567.txt,"TUESDAY, 17 MARCH 1998",529,17,1734,30310,0.056055659972961386
Vol 567.txt,"WEDNESDAY, 18 MARCH 1998",772,68,2875,50819,0.13362941419222985
Vol 567.txt,"THURSDAY, 19 MARCH 1998",861,76,3372,53483,0.14189958737093672
Vol 567.txt,"TUESDAY, 24 MARCH 1998",489,13,1777,29645,0.04383302987389574
Vol 567.txt,"TUESDAY, 24 MARCH 1998",1224,213,4786,86042,0.2469422062489131
Vol 567.txt,"THURSDAY, 26 MARCH 1998",746,75,2924,52056,0.14386833170282556
Vol 567.txt,"TUESDAY, 31 MARCH 1998",444,1663,1759,26094,5.991281478545952
Vol 567.txt,"TUESDAY, 31 MARCH 1998",1642,81,6665,101412,0.07980845969672785
Vol 567.txt,"THURSDAY, 2 APRIL 1998",877,101,3719,55513,0.1816089473873485
Vol 567.txt,"TUESDAY, 5 MAY 1998",438,44,1581,29372,0.14957846070165895
Vol 567.txt,"WEDNESDAY, 6 MAY 1998",817,215,3176,49738,0.43040458030548717
Vol 567.txt,"THURSDAY, 7 MAY 1998",810,115,3460,53182,0.21577199467136987
Vol 568.txt,"TUESDAY, 12 MAY 1998",519,388,2065,29177,1.3123625909014036
Vol 568.txt,"WEDNESDAY, 13 MAY 1998",832,152,3041,48732,0.3109401849275837
Vol 568.txt,"THURSDAY, 14 MAY 1998",1354,111,4817,79284,0.13980729265067068
Vol 568.txt,"THURSDAY, 14 MAY 1998",1753,96,6707,98815,0.09705695018754233
Vol 568.txt,"THURSDAY, 14 MAY 1998",1008,79,4014,62305,0.12663503462426262
Vol 568.txt,"TUESDAY, 19 MAY 1998",534,50,1842,31599,0.15798287465638725
Vol 568.txt,"TUESDAY, 19 MAY 1998",1583,160,6349,103810,0.15389054534962007
Vol 568.txt,"TUESDAY, 19 MAY 1998",1690,110,6180,99852,0.11004181589003821
Vol 568.txt,"TUESDAY, 19 MAY 1998",349,21,1199,22303,0.09406916323239563
Vol 568.txt,"TUESDAY, 26 MAY 1998",561,70,1797,32482,0.2150405505038093
Vol 568.txt,"WEDNESDAY, 27 MAY 1998",610,51,2084,35235,0.14453324264580852
Vol 568.txt,"THURSDAY, 28 MAY 1998",844,40,3033,51112,0.0781983109164842
Vol 569.txt,"TUESDAY, 16 JUNE 1998",507,59,1813,30692,0.19186367922994374
Vol 569.txt,"WEDNESDAY, 17 JUNE 1998",793,83,2808,49535,0.16727800395017936
Vol 569.txt,"WEDNESDAY, 17 JUNE 1998",1583,103,6290,97107,0.10595617734800947
Vol 569.txt,"WEDNESDAY, 17 JUNE 1998",1698,100,6641,97387,0.10257777960138274
Vol 569.txt,"WEDNESDAY, 17 JUNE 1998",327,24,1262,20956,0.11439466158245949
Vol 569.txt,"TUESDAY, 23 JUNE 1998",536,29,1809,31755,0.09124087591240876
Vol 569.txt,"TUESDAY, 23 JUNE 1998",1651,58,6616,99980,0.057977968372018636
Vol 569.txt,"TUESDAY, 23 JUNE 1998",1172,67,5148,73284,0.09134163133426947
Vol 569.txt,"TUESDAY, 30 JUNE 1998",493,70,1601,28237,0.2472886565160561
Vol 569.txt,"TUESDAY, 30 JUNE 1998",1525,121,5396,93039,0.12988407041648775
Vol 569.txt,"TUESDAY, 30 JUNE 1998",1575,161,5612,89407,0.17975169703465524
Vol 569.txt,"TUESDAY, 30 JUNE 1998",966,120,3535,54159,0.22107997568120266
Vol 570.txt,"TUESDAY, 21 JULY 1998",523,65,1860,29424,0.22042117399708366
Vol 570.txt,"WEDNESDAY, 22 JULY 1998",895,112,2983,50500,0.22129139334545167
Vol 570.txt,"THURSDAY, 23 JULY 1998",821,509,3084,52707,0.9564792543595911
Vol 570.txt,"TUESDAY, 28 JULY 1998",505,86,1437,28308,0.3028808903289427
Vol 570.txt,"TUESDAY, 28 JULY 1998",1228,103,3415,65378,0.1572975366900322
Vol 570.txt,"THURSDAY, 30 JULY 1998",821,52,2981,50551,0.10276070588700274
Vol 570.txt,"TUESDAY, 4 AUGUST 1998",507,68,1977,29036,0.2336448598130841
Vol 570.txt,"WEDNESDAY, 5 AUGUST 1998",839,170,2995,50780,0.3336604514229637
Vol 570.txt,"THURSDAY, 6 AUGUST 1998",902,178,3269,54189,0.32740449169532987
Vol 570.txt,"TUESDAY, 11 AUGUST 1998",556,45,1761,31321,0.14346744882994325
Vol 570.txt,"WEDNESDAY, 12 AUGUST 1998",813,58,2960,48006,0.12067243675099867
Vol 570.txt,"THURSDAY, 13 AUGUST 1998",948,72,3439,56774,0.1266579882489533
Vol 571.txt,"TUESDAY, 18 AUGUST 1998",497,52,1984,30645,0.16939766100921913
Vol 571.txt,"WEDNESDAY, 19 AUGUST 1998",845,82,2932,49952,0.1638885557820682
Vol 571.txt,"THURSDAY, 20 AUGUST 1998",851,171,3258,50565,0.337038789025544
Vol 571.txt,"TUESDAY, 25 AUGUST 1998",456,58,1670,29740,0.19464393583461978
Vol 571.txt,"WEDNESDAY, 26 AUGUST 1998",779,1204,3198,48168,2.4386291825326096
Vol 571.txt,"THURSDAY, 27 AUGUST 1998",837,983,3134,51594,1.8696388154516232
Vol 571.txt,"TUESDAY, 8 SEPTEMBER 1998",542,79,1892,32213,0.24464263594698377
Vol 571.txt,"WEDNESDAY, 9 SEPTEMBER 1998",793,101,3037,50003,0.20158071211879292
Vol 571.txt,"THURSDAY, 10 SEPTEMBER 1998",795,1992,3226,48220,3.9671791603600735
Vol 571.txt,"TUESDAY, 15 SEPTEMBER 1998",538,573,2087,30133,1.8660848042727807
Vol 571.txt,"WEDNESDAY, 16 SEPTEMBER 1998",848,560,3191,48891,1.13243412671129
Vol 571.txt,"THURSDAY, 17 SEPTEMBER 1998",916,1345,2701,43854,2.975729551538751
Vol 572.txt,"TUESDAY, 22 SEPTEMBER 1998",569,608,1856,28419,2.09460157784132
Vol 572.txt,"WEDNESDAY, 23 SEPTEMBER 1998",799,192,3061,48123,0.39739211425023285
Vol 572.txt,"WEDNESDAY, 23 SEPTEMBER 1998",362,917,1555,23403,3.770559210526316
Vol 572.txt,"TUESDAY, 29 SEPTEMBER 1998",468,1577,1619,25593,5.804195804195804
Vol 572.txt,"TUESDAY, 29 SEPTEMBER 1998",1640,157,6290,103454,0.15152831263089828
Vol 572.txt,"TUESDAY, 29 SEPTEMBER 1998",1624,229,5977,99501,0.22961997392960995
Vol 572.txt,"TUESDAY, 29 SEPTEMBER 1998",1578,134,6683,93233,0.1435196589801536
Vol 572.txt,"TUESDAY, 3 NOVEMBER 1998",478,57,1833,29068,0.19570815450643778
Vol 572.txt,"WEDNESDAY, 4 NOVEMBER 1998",770,210,3001,48407,0.43194767262480205
Vol 572.txt,"THURSDAY, 5 NOVEMBER 1998",714,46,2978,43936,0.10458824064389978
Vol 573.txt,"TUESDAY, 10 NOVEMBER 1998",502,85,1806,31382,0.2701242571582928
Vol 573.txt,"WEDNESDAY, 11 NOVEMBER 1998",795,245,2949,48170,0.5060415160590725
Vol 573.txt,"THURSDAY, 12 NOVEMBER 1998",845,54,3517,51377,0.10499504190079913
Vol 573.txt,"TUESDAY, 17 NOVEMBER 1998",439,101,1904,29026,0.3467573042194527
Vol 573.txt,"WEDNESDAY, 18 NOVEMBER 1998",839,58,3212,50879,0.11386614837937059
Vol 573.txt,"THURSDAY, 19 NOVEMBER 1998",824,91,3223,51800,0.17536759746391475
Vol 573.txt,"TUESDAY, 24 NOVEMBER 1998",493,127,1843,29999,0.42156276970059087
Vol 573.txt,"TUESDAY, 24 NOVEMBER 1998",2936,522,13464,174929,0.2975189654091456
Vol 574.txt,"TUESDAY, 1 DECEMBER 1998",515,50,1725,29457,0.16945131663673027
Vol 574.txt,"WEDNESDAY, 2 DECEMBER 1998",805,57,3105,50519,0.11270167668459348
Vol 574.txt,"THURSDAY, 3 DECEMBER 1998",845,152,3299,53250,0.2846335343245571
Vol 574.txt,"TUESDAY, 8 DECEMBER 1998",522,90,1950,30961,0.28984573765740235
Vol 574.txt,"TUESDAY, 8 DECEMBER 1998",1648,400,6108,96674,0.41205678142448027
Vol 574.txt,"TUESDAY, 8 DECEMBER 1998",1663,186,6048,94494,0.1964512040557668
Vol 574.txt,"TUESDAY, 8 DECEMBER 1998",1738,262,5572,89377,0.29228349267617887
Vol 574.txt,"TUESDAY, 8 DECEMBER 1998",1670,151,6524,91780,0.1642536250013597
Vol 574.txt,"TUESDAY, 15 DECEMBER 1998",456,90,1916,29385,0.3053435114503817
Vol 574.txt,"TUESDAY, 15 DECEMBER 1998",1175,1036,5149,80060,1.2774982736509815
Vol 574.txt,"THURSDAY, 17 DECEMBER 1998",923,150,3585,55157,0.27121340879093064
Vol 575.txt,"TUESDAY, 16 FEBRUARY 1999",841,166,3149,51122,0.323662455155202
Vol 575.txt,"WEDNESDAY, 17 FEBRUARY 1999",853,216,3204,51135,0.4206344569726003
Vol 575.txt,"THURSDAY, 18 FEBRUARY 1999",517,127,1886,30560,0.4138560302408186
Vol 575.txt,"TUESDAY, 23 FEBRUARY 1999",790,32,3152,48454,0.06599843253722724
Vol 575.txt,"WEDNESDAY, 24 FEBRUARY 1999",855,94,3554,51191,0.18328946085600079
Vol 575.txt,"THURSDAY, 25 FEBRUARY 1999",485,35,1733,27042,0.1292609964176238
Vol 575.txt,"TUESDAY, 2 MARCH 1999",770,74,3101,48376,0.15273477812177502
Vol 575.txt,"WEDNESDAY, 3 MARCH 1999",792,124,2970,49519,0.24978345386056444
Vol 575.txt,"THURSDAY, 4 MARCH 1999",462,72,1843,29483,0.24361360175943156
Vol 575.txt,"TUESDAY, 16 MARCH 1999",809,52,3106,48717,0.10662511021345526
Vol 575.txt,"WEDNESDAY, 17 MARCH 1999",694,133,2730,42434,0.3124486104259168
Vol 575.txt,"THURSDAY, 18 MARCH 1999",448,45,1788,28534,0.15745827355750727
Vol 576.txt,"TUESDAY, 23 MARCH 1999",768,79,3129,49487,0.15938344833151757
Vol 576.txt,"WEDNESDAY, 24 MARCH 1999",718,72,2660,45670,0.15740457347732936
Vol 576.txt,"THURSDAY, 25 MARCH 1999",506,24,1899,30485,0.07866531187518437
Vol 576.txt,"TUESDAY, 30 MARCH 1999",850,88,3218,50272,0.17474185861795075
Vol 576.txt,"WEDNESDAY, 31 MARCH 1999",823,74,3088,50287,0.1469390997001648
Vol 576.txt,"THURSDAY, 1 APRIL 1999",326,13,1040,18058,0.07193846494383266
Vol 576.txt,"TUESDAY, 20 APRIL 1999",716,44,2722,48309,0.0909974562074742
Vol 576.txt,"WEDNESDAY, 21 APRIL 1999",755,92,3106,49155,0.18681340995390583
Vol 576.txt,"THURSDAY, 22 APRIL 1999",523,25,1862,30817,0.08105829712729395
Vol 576.txt,"TUESDAY, 27 APRIL 1999",758,64,2913,47943,0.13331389172412356
Vol 576.txt,"WEDNESDAY, 28 APRIL 1999",881,115,3252,51234,0.22395762332275215
Vol 576.txt,"THURSDAY, 29 APRIL 1999",491,101,1739,30346,0.33172397937399417
Vol 577.txt,"TUESDAY, 4 MAY 1999",741,89,2784,47119,0.18852736824267075
Vol 577.txt,"WEDNESDAY, 5 MAY 1999",833,62,3053,50071,0.12367103504677558
Vol 577.txt,"THURSDAY, 6 MAY 1999",474,66,1692,29087,0.22639179501252016
Vol 577.txt,"TUESDAY, 18 MAY 1999",814,76,2795,47862,0.1585381117276482
Vol 577.txt,"WEDNESDAY, 19 MAY 1999",871,51,3029,49178,0.10359747303418716
Vol 577.txt,"THURSDAY, 20 MAY 1999",685,99,2540,41007,0.240840753174719
Vol 577.txt,"THURSDAY, 20 MAY 1999",1624,190,6518,104256,0.181912184286617
Vol 577.txt,"THURSDAY, 20 MAY 1999",893,49,3164,51220,0.09557432366537284
Vol 577.txt,"TUESDAY, 25 MAY 1999",816,79,3087,50577,0.15595388502842703
Vol 577.txt,"WEDNESDAY, 26 MAY 1999",805,125,3235,51999,0.23981275420151946
Vol 577.txt,"THURSDAY, 27 MAY 1999",439,3352,2315,22988,12.72589217919514
Vol 578.txt,"TUESDAY, 1 JUNE 1999",2195,451,8779,145977,0.3080012019559101
Vol 578.txt,"THURSDAY, 3 JUNE 1999",416,119,1509,26613,0.44515935956905583
Vol 578.txt,"TUESDAY, 15 JUNE 1999",1125,243,4438,73813,0.3281300637355515
Vol 578.txt,"WEDNESDAY, 16 JUNE 1999",727,68,2987,46999,0.1444748974865617
Vol 578.txt,"THURSDAY, 17 JUNE 1999",462,164,1691,31081,0.52488398143703
Vol 578.txt,"TUESDAY, 22 JUNE 1999",710,77,3121,50250,0.15299938402845392
Vol 578.txt,"WEDNESDAY, 23 JUNE 1999",749,111,3221,45179,0.2450872157209097
Vol 578.txt,"THURSDAY, 24 JUNE 1999",443,86,1555,27015,0.3173314637836242
Vol 578.txt,"TUESDAY, 29 JUNE 1999",883,91,3112,50051,0.18148458378205895
Vol 578.txt,"WEDNESDAY, 30 JUNE 1999",688,118,2525,42100,0.2795016343739637
Vol 578.txt,"THURSDAY, 1 JULY 1999",495,45,1899,29812,0.15071842449006934
Vol 579.txt,"TUESDAY, 13 JULY 1999",739,154,2905,48323,0.3176764238711141
Vol 579.txt,"TUESDAY, 13 JULY 1999",1863,7007,8974,118556,5.580465583014105
Vol 579.txt,"THURSDAY, 15 JULY 1999",494,37,1785,28500,0.12965623576409574
Vol 579.txt,"TUESDAY, 20 JULY 1999",840,71,3079,50142,0.14139764602792107
Vol 579.txt,"TUESDAY, 20 JULY 1999",1436,1423,6440,98149,1.4291166191298759
Vol 579.txt,"TUESDAY, 20 JULY 1999",724,111,3079,51624,0.214554943461873
Vol 579.txt,"TUESDAY, 27 JULY 1999",788,2204,3522,43068,4.868351298816045
Vol 579.txt,"TUESDAY, 27 JULY 1999",1235,338,5153,71247,0.47216595655514426
Vol 579.txt,"THURSDAY, 29 JULY 1999",453,230,1429,25726,0.8861149637848666
Vol 579.txt,"TUESDAY, 24 AUGUST 1999",770,259,2722,45399,0.5672609400324149
Vol 579.txt,"WEDNESDAY, 25 AUGUST 1999",643,360,2142,33380,1.066982809721399
Vol 579.txt,"THURSDAY, 26 AUGUST 1999",173,16,413,6885,0.23185045645558613
Vol 579.txt,"MINISTER, 25 AUGUST 1999",261,315,1261,17932,1.726311174439634
Vol 580.txt,"TUESDAY, 31 AUGUST 1999",721,210,2698,49013,0.42662982751965545
Vol 580.txt,"WEDNESDAY, 1 SEPTEMBER 1999",832,1063,2962,47050,2.2093820796874026
Vol 580.txt,"THURSDAY, 2 SEPTEMBER 1999",546,47,1966,31646,0.14829773136023727
Vol 580.txt,"THURSDAY, 2 SEPTEMBER 1999",1531,508,5514,91951,0.5494327215306244
Vol 580.txt,"THURSDAY, 2 SEPTEMBER 1999",1406,199,5177,85645,0.23181585201062394
Vol 580.txt,"TUESDAY, 7 SEPTEMBER 1999",706,433,2403,41449,1.033857026885058
Vol 580.txt,"WEDNESDAY, 8 SEPTEMBER 1999",857,157,3117,48339,0.3237380402507423
Vol 580.txt,"FRIDAY, 17 SEPTEMBER 1999",393,287,1740,28421,0.9997213320328828
Vol 580.txt,"TUESDAY, 5 OCTOBER 1999",713,678,2734,42555,1.5682464783845673
Vol 580.txt,"TUESDAY, 5 OCTOBER 1999",1164,1592,4444,72296,2.154612386314422
Vol 580.txt,"TUESDAY, 5 OCTOBER 1999",775,241,3420,54181,0.4428356179486237
Vol 580.txt,"TUESDAY, 5 OCTOBER 1999",469,177,2781,32787,0.5369493993447397
Vol 581.txt,"MONDAY, 20 DECEMBER 1999",30,19,152,2191,0.8597285067873304
Vol 581.txt,"TUESDAY, 21 DECEMBER 1999",222,41,1043,18123,0.22572120678264698
Vol 581.txt,"WEDNESDAY, 22 DECEMBER 1999",2510,194,9576,142548,0.13590954309173195
Vol 581.txt,"TUESDAY, 8 FEBRUARY 2000",826,567,3440,50753,1.1048324240062355
Vol 581.txt,"WEDNESDAY, 9 FEBRUARY 2000",747,298,3330,49429,0.5992720252579081
Vol 581.txt,"THURSDAY, 10 FEBRUARY 2000",422,619,2065,27790,2.178886972438312
Vol 581.txt,"TUESDAY, 15 FEBRUARY 2000",729,711,3204,45652,1.5335504604965167
Vol 581.txt,"WEDNESDAY, 16 FEBRUARY 2000",856,120,2992,49098,0.2438132390588809
Vol 581.txt,"THURSDAY, 17 FEBRUARY 2000",545,52,2182,28830,0.1800429333148674
Vol 581.txt,"TUESDAY, 22 FEBRUARY 1992",778,524,2670,44819,1.1556359305736277
Vol 581.txt,"WEDNESDAY, 23 FEBRUARY 2000",762,489,2615,43507,1.111464678607146
Vol 581.txt,"THURSDAY, 24 FEBRUARY 2000",473,76,1672,27292,0.2776965799473838
Vol 582.txt,"TUESDAY, 29 FEBRUARY 2000",823,98,2992,48668,0.20095968502645287
Vol 582.txt,"WEDNESDAY, 1 MARCH 2000",911,197,3021,49186,0.39892270619443937
Vol 582.txt,"THURSDAY, 2 MARCH 2000",540,237,1584,29711,0.7913717109656738
Vol 582.txt,"TUESDAY, 14 MARCH 2000",1005,122,3196,48028,0.2533748701973001
Vol 582.txt,"WEDNESDAY, 15 MARCH 2000",915,100,2831,45328,0.22012855507616447
Vol 582.txt,"THURSDAY, 16 MARCH 2000",503,19,1694,27850,0.06817610965589006
Vol 582.txt,"TUESDAY, 21 MARCH 2000",886,29,2780,47909,0.060494805790813136
Vol 582.txt,"WEDNESDAY, 22 MARCH 2000",740,73,2751,45149,0.16142585467250453
Vol 582.txt,"THURSDAY, 23 MARCH 2000",540,100,1636,30083,0.3313123281317298
Vol 582.txt,"TUESDAY, 28 MARCH 2000",864,222,2809,47914,0.46119328569054346
Vol 582.txt,"WEDNESDAY, 29 MARCH 2000",896,382,3140,48775,0.7771019386862502
Vol 582.txt,"THURSDAY, 30 MARCH 2000",558,70,1910,30706,0.22744996100857812
Vol 583.txt,"TUESDAY, 4 APRIL 2000",851,222,3120,50977,0.4336022187933358
Vol 583.txt,"WEDNESDAY, 5 APRIL 2000",807,58,3062,49024,0.11816959374108635
Vol 583.txt,"THURSDAY, 6 APRIL 2000",416,254,1303,21746,1.1545454545454545
Vol 583.txt,"TUESDAY, 2 MAY 2000",823,94,2918,49730,0.1886640976236352
Vol 583.txt,"WEDNESDAY, 3 MAY 2000",784,320,2908,48186,0.659712200552509
Vol 583.txt,"THURSDAY, 4 MAY 2000",426,552,1825,25828,2.092494313874147
Vol 583.txt,"TUESDAY, 9 MAY 2000",1988,414,7330,102213,0.4034026133473647
Vol 583.txt,"WEDNESDAY, 10 MAY 2000",788,485,3153,48387,0.9923882795874939
Vol 583.txt,"THURSDAY, 11 MAY 2000",503,36,1532,26596,0.13517572844698109
Vol 583.txt,"TUESDAY, 16 MAY 2000",830,1274,3068,48494,2.5598778331457965
Vol 583.txt,"WEDNESDAY, 17 MAY 2000",868,218,3254,47085,0.4608587193201277
Vol 583.txt,"THURSDAY, 18 MAY 2000",496,166,1628,27858,0.5923494147873252
Vol 584.txt,"TUESDAY, 23 MAY 2000",807,40,2938,48433,0.08252016586553339
Vol 584.txt,"WEDNESDAY, 24 MAY 2000",682,521,2420,40833,1.2598539439957441
Vol 584.txt,"THURSDAY, 25 MAY 2000",518,80,1727,29938,0.2665067626091012
Vol 584.txt,"TUESDAY, 30 MAY 2000",895,38,2968,48186,0.07879893828798938
Vol 584.txt,"WEDNESDAY, 31 MAY 2000",913,131,3268,50819,0.25711481844946027
Vol 584.txt,"THURSDAY, 1 JUNE 2000",484,76,1795,27337,0.2772407252033707
Vol 584.txt,"TUESDAY, 13 JUNE 2000",748,34,2402,45191,0.07517965726920951
Vol 584.txt,"WEDNESDAY, 14 JUNE 2000",799,124,3152,50168,0.24656008907977411
Vol 584.txt,"THURSDAY, 15 JUNE 2000",414,82,1664,27785,0.29425485341084434
Vol 584.txt,"TUESDAY, 20 JUNE 2000",892,582,3077,50220,1.1456241880240936
Vol 584.txt,"WEDNESDAY, 21 JUNE 2000",791,565,3233,50412,1.1083429782058576
Vol 584.txt,"THURSDAY, 22 JUNE 2000",323,45,966,17571,0.255449591280654
Vol 585.txt,"TUESDAY, 27 JUNE 2000",828,127,3121,50713,0.24980330448465776
Vol 585.txt,"TUESDAY, 27 JUNE 2000",854,378,3186,50300,0.7458857887051581
Vol 585.txt,"THURSDAY, 29 JUNE 2000",537,109,1807,30015,0.36183773735227726
Vol 585.txt,"TUESDAY, 4 JULY 2000",1340,531,3501,57517,0.9147601984564498
Vol 585.txt,"WEDNESDAY, 5 JULY 2000",830,159,2671,49309,0.32141990781919627
Vol 585.txt,"THURSDAY, 6 JULY 2000",592,78,1746,28285,0.2750061700102246
Vol 585.txt,"TUESDAY, 25 JULY 2000",713,128,2555,45790,0.2787577856178405
Vol 585.txt,"WEDNESDAY, 26 JULY 2000",759,635,2916,47765,1.31198347107438
Vol 585.txt,"THURSDAY, 27 JULY 2000",518,218,1733,29332,0.7377326565143824
Vol 585.txt,"TUESDAY, 1 AUGUST 2000",929,109,3086,46894,0.23190009148352234
Vol 585.txt,"WEDNESDAY, 2 AUGUST 2000",812,96,2647,48143,0.1990091005203259
Vol 585.txt,"THURSDAY, 3 AUGUST 2000",538,446,1716,28637,1.5335419317126844
Vol 586.txt,"TUESDAY, 8 AUGUST 2000",831,135,2536,42595,0.3159372805991107
Vol 586.txt,"WEDNESDAY, 9 AUGUST 2000",1033,40,2986,48089,0.08310997527478235
Vol 586.txt,"WEDNESDAY, 9 AUGUST 2000",1992,56,6213,91629,0.061078693352238644
Vol 586.txt,"WEDNESDAY, 9 AUGUST 2000",1973,122,6194,88140,0.13822483061793298
Vol 586.txt,"WEDNESDAY, 9 AUGUST 2000",2016,140,6090,87184,0.16032247721130502
Vol 586.txt,"MONDAY, 14 AUGUST 2000",1870,71,5460,78139,0.09078123002173635
Vol 586.txt,"TUESDAY, 15 AUGUST 2000",1594,99,4228,71685,0.137913741223671
Vol 586.txt,"WEDNESDAY, 16 AUGUST 2000",854,72,2994,50121,0.14344629729245115
Vol 586.txt,"THURSDAY, 17 AUGUST 2000",546,222,1459,29331,0.7511927723073799
Vol 586.txt,"TUESDAY, 22 AUGUST 2000",966,111,3282,49685,0.22290947064021208
Vol 586.txt,"WEDNESDAY, 23 AUGUST 2000",875,420,2890,48396,0.8603736479842674
Vol 586.txt,"THURSDAY, 24 AUGUST 2000",556,57,1796,30731,0.1851370663895024
Vol 587.txt,"TUESDAY, 5 SEPTEMBER 2000",870,204,3005,48500,0.4188567674113009
Vol 587.txt,"WEDNESDAY, 6 SEPTEMBER 2000",913,751,3233,49589,1.491855383392928
Vol 587.txt,"THURSDAY, 7 SEPTEMBER 2000",545,149,1769,25935,0.571231406226039
Vol 587.txt,"TUESDAY, 12 SEPTEMBER 2000",835,194,2853,50114,0.38562455275502905
Vol 587.txt,"WEDNESDAY, 13 SEPTEMBER 2000",894,141,2926,51737,0.27179151085238445
Vol 587.txt,"THURSDAY, 14 SEPTEMBER 2000",503,1045,1934,27670,3.6392129549016192
Vol 587.txt,"TUESDAY, 19 SEPTEMBER 2000",812,131,3033,46270,0.2823215016917739
Vol 587.txt,"WEDNESDAY, 20 SEPTEMBER 2000",722,289,2724,43217,0.6642761917896383
Vol 587.txt,"THURSDAY, 21 SEPTEMBER 2000",439,79,1365,24150,0.3260555532626192
Vol 587.txt,"TUESDAY, 3 OCTOBER 2000",722,90,2559,44873,0.20016457976558505
Vol 587.txt,"WEDNESDAY, 4 OCTOBER 2000",792,79,2909,49107,0.16061480909201806
Vol 587.txt,"THURSDAY, 5 OCTOBER 2000",506,77,1778,27742,0.276789244760775
Vol 588.txt,"TUESDAY, 10 OCTOBER 2000",696,166,2766,43071,0.3839304299558249
Vol 588.txt,"WEDNESDAY, 11 OCTOBER 2000",782,142,2866,48483,0.29203084832904885
Vol 588.txt,"THURSDAY, 12 OCTOBER 2000",502,76,1696,27442,0.27618286212660803
Vol 588.txt,"TUESDAY, 17 OCTOBER 2000",898,82,3137,47932,0.17078352147290374
Vol 588.txt,"WEDNESDAY, 18 OCTOBER 2000",666,191,2267,37581,0.5056655723816583
Vol 588.txt,"THURSDAY, 19 OCTOBER 2000",442,68,1513,24808,0.2733558449911561
Vol 588.txt,"TUESDAY, 7 NOVEMBER 2000",751,128,2770,50320,0.2537266095781795
Vol 588.txt,"WEDNESDAY, 8 NOVEMBER 2000",733,113,2851,48154,0.2341144052872563
Vol 588.txt,"THURSDAY, 9 NOVEMBER 2000",491,156,1563,31128,0.49865746068277716
Vol 588.txt,"TUESDAY, 14 NOVEMBER 2000",702,81,2768,46723,0.1730621314417571
Vol 588.txt,"WEDNESDAY, 15 NOVEMBER 2000",818,123,2842,49256,0.2490937443042589
Vol 588.txt,"THURSDAY, 16 NOVEMBER 2000",512,36,1755,28857,0.12459765341086076
Vol 588.txt,"TUESDAY, 21 NOVEMBER 2000",761,149,3183,45300,0.3278399964795705
Vol 588.txt,"WEDNESDAY, 22 NOVEMBER 2000",879,221,3156,49881,0.4411001556824079
Vol 588.txt,"THURSDAY, 23 NOVEMBER 2000",565,232,1771,28688,0.8022130013831259
Vol 589.txt,"TUESDAY, 28 NOVEMBER 2000",865,210,2689,45623,0.4581851504374577
Vol 589.txt,"WEDNESDAY, 29 NOVEMBER 2000",780,128,2705,46275,0.2758442342089951
Vol 589.txt,"THURSDAY, 30 NOVEMBER 2000",618,109,1593,27364,0.39675317584537545
Vol 589.txt,"TUESDAY, 5 DECEMBER 2000",847,233,2898,49038,0.47289480627549674
Vol 589.txt,"WEDNESDAY, 6 DECEMBER 2000",783,224,2769,48956,0.4554697031313542
Vol 589.txt,"THURSDAY, 7 DECEMBER 2000",518,71,1694,30935,0.22898793781848675
Vol 589.txt,"TUESDAY, 12 DECEMBER 2000",613,92,2312,39059,0.23498761206610302
Vol 589.txt,"WEDNESDAY, 13 DECEMBER 2000",887,250,2794,49431,0.5032104828807794
Vol 589.txt,"WEDNESDAY, 13 DECEMBER 2000",1295,100,4722,78475,0.12726694241170855
Vol 590.txt,"TUESDAY, 13 FEBRUARY 2001",739,401,2875,50950,0.7809000798426515
Vol 590.txt,"WEDNESDAY, 14 FEBRUARY 2001",859,831,3328,49604,1.6476653117874491
Vol 590.txt,"THURSDAY, 15 FEBRUARY 2001",544,105,1919,30486,0.34323820731587723
Vol 590.txt,"TUESDAY, 20 FEBRUARY 2001",840,38,3007,49336,0.07696358407258881
Vol 590.txt,"WEDNESDAY, 21 FEBRUARY 2001",811,85,3076,52513,0.16160310277957338
Vol 590.txt,"THURSDAY, 22 FEBRUARY 2001",545,19,1948,29222,0.0649772579597141
Vol 590.txt,"TUESDAY, 27 FEBRUARY 2001",817,193,2884,51056,0.3765927140041757
Vol 590.txt,"WEDNESDAY, 28 FEBRUARY 2001",756,42,2928,48628,0.08629545921512226
Vol 590.txt,"THURSDAY, 1 MARCH 2001",486,70,1704,28969,0.24105513275250526
Vol 590.txt,"TUESDAY, 13 MARCH 2001",546,377,1530,32698,1.1398337112622827
Vol 590.txt,"WEDNESDAY, 14 MARCH 2001",833,61,3097,52408,0.11625912443538089
Vol 590.txt,"THURSDAY, 15 MARCH 2001",525,65,1894,30757,0.21088832652001818
Vol 591.txt,"TUESDAY, 20 MARCH 2001",941,65,3765,51528,0.12598608338340472
Vol 591.txt,"WEDNESDAY, 21 MARCH 2001",863,148,3361,46257,0.31893114966059694
Vol 591.txt,"THURSDAY, 22 MARCH 2001",435,302,1651,26004,1.1480270660685774
Vol 591.txt,"TUESDAY, 27 MARCH 2001",682,46,2330,39033,0.11771027917807518
Vol 591.txt,"WEDNESDAY, 28 MARCH 2001",715,86,3115,45535,0.18850967756077244
Vol 591.txt,"THURSDAY, 29 MARCH 2001",361,18,1220,20511,0.08768084173608066
Vol 591.txt,"TUESDAY, 3 APRIL 2001",701,131,2376,41951,0.3112969915878523
Vol 591.txt,"WEDNESDAY, 4 APRIL 2001",796,146,2793,47966,0.30345859660791485
Vol 591.txt,"THURSDAY, 5 APRIL 2001",473,82,1730,29552,0.2767091853951542
Vol 591.txt,"THURSDAY, 5 APRIL 2001",473,82,1730,29552,0.2767091853951542
Vol 591.txt,"TUESDAY, 1 MAY 2001",768,99,2834,50216,0.1967604094206499
Vol 591.txt,"WEDNESDAY, 2 MAY 2001",839,91,3117,50247,0.18077794111804205
Vol 591.txt,"THURSDAY, 3 MAY 2001",454,15,1165,23281,0.06438873626373626
Vol 592.txt,"TUESDAY, 8 MAY 2001",795,50,2918,52203,0.09568828584004746
Vol 592.txt,"WEDNESDAY, 9 MAY 2001",826,78,2839,48955,0.159076540289193
Vol 592.txt,"THURSDAY, 10 MAY 2001",524,17,1752,28140,0.06037575025748482
Vol 592.txt,"TUESDAY, 15 MAY 2001",825,115,2803,48282,0.23761803417567204
Vol 592.txt,"WEDNESDAY, 16 MAY 2001",899,1122,3394,47923,2.287694974003466
Vol 592.txt,"THURSDAY, 17 MAY 2001",546,76,1767,28433,0.2665824827247536
Vol 592.txt,"TUESDAY, 22 MAY 2001",833,80,3095,46829,0.1705429661685391
Vol 592.txt,"WEDNESDAY, 23 MAY 2001",1109,298,4116,67053,0.4424581669166011
Vol 592.txt,"THURSDAY, 24 MAY 2001",572,76,2126,33541,0.22607609245322308
Vol 592.txt,"TUESDAY, 12 JUNE 2001",818,219,2893,48971,0.4452124415531612
Vol 592.txt,"WEDNESDAY, 13 JUNE 2001",810,1204,3055,47547,2.4696929293758076
Vol 592.txt,"THURSDAY, 14 JUNE 2001",478,49,1696,30348,0.16120011843274007
Vol 593.txt,"TUESDAY, 19 JUNE 2001",871,57,2839,47855,0.11896810819836366
Vol 593.txt,"WEDNESDAY, 20 JUNE 2001",889,633,3141,46988,1.3292455009344617
Vol 593.txt,"THURSDAY, 21 JUNE 2001",474,75,1626,26447,0.2827841037629138
Vol 593.txt,"TUESDAY, 26 JUNE 2001",792,83,2841,51338,0.16141265241827268
Vol 593.txt,"WEDNESDAY, 27 JUNE 2001",831,99,2987,49888,0.19805149338828096
Vol 593.txt,"THURSDAY, 28 JUNE 2001",567,32,1722,29802,0.10726017295702889
Vol 593.txt,"TUESDAY, 24 JULY 2001",784,84,2821,49806,0.1683704149128082
Vol 593.txt,"WEDNESDAY, 25 JULY 2001",2103,2062,8520,124084,1.6346138601303253
Vol 593.txt,"TUESDAY, 31 JULY 2001",861,32,2918,50715,0.0630579147535815
Vol 593.txt,"WEDNESDAY, 1 AUGUST 2001",827,196,2872,48263,0.40446563073938796
Vol 593.txt,"THURSDAY, 2 AUGUST 2001",551,83,1839,29641,0.27923563450410444
Vol 594.txt,"TUESDAY, 7 AUGUST 2001",937,137,3164,49735,0.2747032402951556
Vol 594.txt,"WEDNESDAY, 8 AUGUST 2001",865,834,3406,47457,1.7270298813443499
Vol 594.txt,"THURSDAY, 9 AUGUST 2001",539,194,1828,27761,0.6939724557324272
Vol 594.txt,"TUESDAY, 14 AUGUST 2001",805,77,2814,50359,0.15266872868585932
Vol 594.txt,"WEDNESDAY, 15 AUGUST 2001",834,181,2908,50317,0.3584300368331419
Vol 594.txt,"THURSDAY, 16 AUGUST 2001",543,25,1716,29615,0.08434547908232119
Vol 594.txt,"TUESDAY, 28 AUGUST 2001",891,41,3244,50336,0.08138634694404193
Vol 594.txt,"WEDNESDAY, 29 AUGUST 2001",743,429,2970,44233,0.9605481169674444
Vol 594.txt,"THURSDAY, 30 AUGUST 2001",449,145,1808,27069,0.5328139927978246
Vol 594.txt,"TUESDAY, 4 SEPTEMBER 2001",911,81,2880,47487,0.17028254288597378
Vol 594.txt,"WEDNESDAY, 5 SEPTEMBER 2001",888,58,2825,48469,0.11952109135120655
Vol 594.txt,"THURSDAY, 6 SEPTEMBER 2001",1792,133,6843,102442,0.12966122349500367
Vol 595.txt,"TUESDAY, 11 SEPTEMBER 2001",805,28,2943,47729,0.05863014845991164
Vol 595.txt,"WEDNESDAY, 12 SEPTEMBER 2001",854,491,3050,46537,1.0440588585523518
Vol 595.txt,"THURSDAY, 13 SEPTEMBER 2001",528,24,1557,29058,0.08252527336496802
Vol 595.txt,"TUESDAY, 18 SEPTEMBER 2001",746,38,2625,47547,0.07985709782494484
Vol 595.txt,"WEDNESDAY, 19 SEPTEMBER 2001",716,100,2676,45864,0.21756156992428857
Vol 595.txt,"THURSDAY, 20 SEPTEMBER 2001",467,43,1417,24560,0.174775433890176
Vol 595.txt,"TUESDAY, 2 OCTOBER 2001",852,67,3047,48307,0.13850415512465375
Vol 595.txt,"WEDNESDAY, 3 OCTOBER 2001",819,1111,2809,45612,2.3778438884489437
Vol 595.txt,"THURSDAY, 4 OCTOBER 2001",544,45,1572,30829,0.1457537086221416
Vol 595.txt,"TUESDAY, 9 OCTOBER 2001",967,992,3424,53767,1.8115743530743804
Vol 595.txt,"WEDNESDAY, 10 OCTOBER 2001",813,177,2763,49367,0.35725819473599224
Vol 595.txt,"WEDNESDAY, 10 OCTOBER 2001",2103,422,7773,122838,0.3423657309751744
Vol 596.txt,"TUESDAY, 16 OCTOBER 2001",772,17,2731,48968,0.034704501377972846
Vol 596.txt,"WEDNESDAY, 17 OCTOBER 2001",881,109,2937,50746,0.21433487366040704
Vol 596.txt,"THURSDAY, 18 OCTOBER 2001",539,42,1593,26995,0.15534267855161446
Vol 596.txt,"TUESDAY, 30 OCTOBER 2001",793,83,2606,47097,0.17592200084781687
Vol 596.txt,"WEDNESDAY, 31 OCTOBER 2001",787,144,2919,46294,0.3100908738533098
Vol 596.txt,"THURSDAY, 1 NOVEMBER 2001",504,38,1663,29663,0.127941820140736
Vol 596.txt,"TUESDAY, 6 NOVEMBER 2001",820,19,2568,45335,0.04189266657847158
Vol 596.txt,"WEDNESDAY, 7 NOVEMBER 2001",832,251,2949,47833,0.5220031611346809
Vol 596.txt,"THURSDAY, 8 NOVEMBER 2001",483,58,1531,29366,0.1971179989124524
Vol 596.txt,"TUESDAY, 13 NOVEMBER 2001",784,133,2698,47126,0.2814278761717345
Vol 596.txt,"WEDNESDAY, 14 NOVEMBER 2001",849,147,3023,45758,0.3202265548415205
Vol 596.txt,"THURSDAY, 15 NOVEMBER 2001",510,95,1662,26812,0.3530679748764262
Vol 597.txt,"TUESDAY, 27 NOVEMBER 2001",764,63,2622,48425,0.12992905461145027
Vol 597.txt,"WEDNESDAY, 28 NOVEMBER 2001",883,31,2831,46004,0.06734006734006734
Vol 597.txt,"THURSDAY, 29 NOVEMBER 2001",495,9,1714,27962,0.032176182474705946
Vol 597.txt,"TUESDAY, 4 DECEMBER 2001",706,38,2214,41125,0.09231591477783446
Vol 597.txt,"WEDNESDAY, 5 DECEMBER 2001",795,128,2612,48250,0.2645830749514242
Vol 597.txt,"WEDNESDAY, 5 DECEMBER 2001",1555,745,5583,92317,0.8005415744342481
Vol 597.txt,"WEDNESDAY, 5 DECEMBER 2001",830,164,2976,52295,0.312625097695343
Vol 597.txt,"TUESDAY, 11 DECEMBER 2001",724,287,2527,43299,0.658468315514156
Vol 597.txt,"WEDNESDAY, 12 DECEMBER 2001",724,188,2627,45425,0.4121631990879793
Vol 597.txt,"THURSDAY, 13 DECEMBER 2001",494,26,1577,27746,0.09361947285035287
Vol 597.txt,"TUESDAY, 18 DECEMBER 2001",775,185,2745,48316,0.38143543432094185
Vol 597.txt,"TUESDAY, 18 DECEMBER 2001",1759,307,6274,99525,0.3075166279349307
Vol 597.txt,"TUESDAY, 18 DECEMBER 2001",794,229,3206,52042,0.4381014329169138
Vol 598.txt,"TUESDAY, 12 FEBRUARY 2002",761,184,2906,52093,0.3519712301777072
Vol 598.txt,"WEDNESDAY, 13 FEBRUARY 2002",883,631,3203,51437,1.2118767765230083
Vol 598.txt,"THURSDAY, 14 FEBRUARY 2002",499,76,1679,30595,0.24779107300055428
Vol 598.txt,"TUESDAY, 19 FEBRUARY 2002",737,64,2708,45909,0.13921214625976117
Vol 598.txt,"WEDNESDAY, 20 FEBRUARY 2002",866,198,3476,49748,0.39642814239378527
Vol 598.txt,"THURSDAY, 21 FEBRUARY 2002",465,69,1621,28249,0.24366127551380748
Vol 598.txt,"TUESDAY, 26 FEBRUARY 2002",716,87,2427,45120,0.19244807220120777
Vol 598.txt,"WEDNESDAY, 27 FEBRUARY 2002",815,305,3282,48384,0.626424859824601
Vol 598.txt,"THURSDAY, 28 FEBRUARY 2002",1751,185,6623,101309,0.1822767848345715
Vol 598.txt,"TUESDAY, 12 MARCH 2002",815,347,3143,49632,0.6942916024730387
Vol 598.txt,"WEDNESDAY, 13 MARCH 2002",834,163,3283,48863,0.3324766450454861
Vol 598.txt,"THURSDAY, 14 MARCH 2002",510,88,1564,27618,0.31762073197141416
Vol 599.txt,"TUESDAY, 19 MARCH 2002",848,121,2920,47780,0.25260432976347047
Vol 599.txt,"WEDNESDAY, 20 MARCH 2002",827,205,2822,45053,0.4529585929559415
Vol 599.txt,"THURSDAY, 21 MARCH 2002",538,81,1675,30093,0.26844303042354345
Vol 599.txt,"TUESDAY, 26 MARCH 2002",858,34,3345,47091,0.07214854111405836
Vol 599.txt,"WEDNESDAY, 27 MARCH 2002",814,150,2862,43668,0.3423250718882651
Vol 599.txt,"THURSDAY, 28 MARCH 2002",520,43,1767,30292,0.14175045327179825
Vol 599.txt,"TUESDAY, 16 APRIL 2002",813,33,3088,49839,0.0661693936477382
Vol 599.txt,"WEDNESDAY, 17 APRIL 2002",949,114,2746,45539,0.24970976715659432
Vol 599.txt,"THURSDAY, 18 APRIL 2002",691,74,1544,28230,0.2614471452798191
Vol 599.txt,"TUESDAY, 23 APRIL 2002",912,40,2680,46915,0.08518794590565434
Vol 599.txt,"WEDNESDAY, 24 APRIL 2002",482,55,1614,26371,0.20812835843487473
Vol 600.txt,"TUESDAY, 30 APRIL 2002",839,385,2853,48693,0.784465544643221
Vol 600.txt,"WEDNESDAY, 1 MAY 2002",827,101,2987,50683,0.1988815374921235
Vol 600.txt,"THURSDAY, 2 MAY 2002",542,119,1993,29809,0.3976209569633788
Vol 600.txt,"THURSDAY, 2 MAY 2002",951,610,3918,56775,1.0629955563300515
Vol 600.txt,"TUESDAY, 14 MAY 2002",840,116,3108,51051,0.22670862079074403
Vol 600.txt,"WEDNESDAY, 15 MAY 2002",870,73,3268,50113,0.14545889291834377
Vol 600.txt,"THURSDAY, 16 MAY 2002",593,37,1497,27428,0.1347169124340069
Vol 600.txt,"TUESDAY, 21 MAY 2002",809,144,2624,44455,0.3228771945559317
